path	size_bytes	rows	last_commit	last_commit_utc	current_counterpart	counterpart_last_commit	counterpart_last_commit_utc	verdict
ag_anwaltskommission.parquet	76902	32	b4746827	2026-03-14 06:41	data/ag_anwaltskommission.parquet	e4bcf42c	2026-07-04 12:57	stale: newer data/ counterpart
ag_aufsichtskommission.parquet	20988	5	b4746827	2026-03-14 06:41	data/ag_aufsichtskommission.parquet	e4bcf42c	2026-07-04 12:57	stale: newer data/ counterpart
ag_baugesetzgebung.parquet	259522	196	b4746827	2026-03-14 06:41	data/ag_baugesetzgebung.parquet	8da4bfec	2026-07-14 14:28	stale: newer data/ counterpart
ag_departement_bks.parquet	85442	12	b4746827	2026-03-14 06:41	data/ag_departement_bks.parquet	e4bcf42c	2026-07-04 12:57	stale: newer data/ counterpart
ag_departement_bvu.parquet	630533	91	b4746827	2026-03-14 06:41	data/ag_departement_bvu.parquet	e4bcf42c	2026-07-04 12:57	stale: newer data/ counterpart
ag_departement_gs.parquet	200959	19	b4746827	2026-03-14 06:41	data/ag_departement_gs.parquet	e4bcf42c	2026-07-04 12:57	stale: newer data/ counterpart
ag_departement_vi.parquet	141561	38	b4746827	2026-03-14 06:41	data/ag_departement_vi.parquet	6b6d930a	2026-09-24 20:01	stale: newer data/ counterpart
ag_gerichte.parquet	5680823	2832	b4746827	2026-03-14 06:41	data/ag_gerichte.parquet	6aa10826	2026-10-01 19:42	stale: newer data/ counterpart
ag_handelsgericht.parquet	2999636	309	b4746827	2026-03-14 06:41	data/ag_handelsgericht.parquet	e39b2c06	2026-10-02 19:28	stale: newer data/ counterpart
ag_justizgericht.parquet	40824	4	04297085	2026-03-03 11:46	data/ag_justizgericht.parquet	e4bcf42c	2026-07-04 12:57	stale: newer data/ counterpart
ag_regierungsrat.parquet	1896030	232	b4746827	2026-03-14 06:41	data/ag_regierungsrat.parquet	411f5948	2026-08-30 17:04	stale: newer data/ counterpart
ag_spezialverwaltungsgericht.parquet	7873199	1029	b4746827	2026-03-14 06:41	data/ag_spezialverwaltungsgericht.parquet	e39b2c06	2026-10-02 19:28	stale: newer data/ counterpart
ag_strafgericht.parquet	20404657	1896	b4746827	2026-03-14 06:41	data/ag_strafgericht.parquet	b9b64207	2026-10-06 22:12	stale: newer data/ counterpart
ag_versicherungsgericht.parquet	12426261	1853	b4746827	2026-03-14 06:41	data/ag_versicherungsgericht.parquet	e39b2c06	2026-10-02 19:28	stale: newer data/ counterpart
ag_verwaltungsgericht.parquet	16127764	1760	b4746827	2026-03-14 06:41	data/ag_verwaltungsgericht.parquet	b9b64207	2026-10-06 22:12	stale: newer data/ counterpart
ag_weitere.parquet	19333	24	b4746827	2026-03-14 06:41	data/ag_weitere.parquet	e4bcf42c	2026-07-04 12:57	stale: newer data/ counterpart
ag_zivilgericht.parquet	13316592	1707	b4746827	2026-03-14 06:41	data/ag_zivilgericht.parquet	01ff3bfa	2026-10-03 18:05	stale: newer data/ counterpart
ai_gerichte.parquet	3191515	174	b4746827	2026-03-14 06:41	data/ai_gerichte.parquet	fc363653	2026-08-26 19:36	stale: newer data/ counterpart
ar_gerichte.parquet	4461269	4447	b4746827	2026-03-14 06:41	data/ar_gerichte.parquet	f34a1589	2026-09-19 18:50	stale: newer data/ counterpart
be_anwaltsaufsicht.parquet	422751	72	b4746827	2026-03-14 06:41	data/be_anwaltsaufsicht.parquet	660216ac	2026-09-10 00:02	stale: newer data/ counterpart
be_bvd.parquet	10106116	2094	b4746827	2026-03-14 06:41	data/be_bvd.parquet	fc363653	2026-08-26 19:36	stale: newer data/ counterpart
be_steuerrekurs.parquet	650487	343	b4746827	2026-03-14 06:41	data/be_steuerrekurs.parquet	fc363653	2026-08-26 19:36	stale: newer data/ counterpart
be_verwaltungsgericht.parquet	115889936	11180	b4746827	2026-03-14 06:41	data/be_verwaltungsgericht.parquet	b9b64207	2026-10-06 22:12	stale: newer data/ counterpart
be_weitere.parquet	2143633	836	b4746827	2026-03-14 06:41	data/be_weitere.parquet	fc363653	2026-08-26 19:36	stale: newer data/ counterpart
be_zivilstraf.parquet	87075113	5673	b4746827	2026-03-14 06:41	data/be_zivilstraf.parquet	b9b64207	2026-10-06 22:12	stale: newer data/ counterpart
bge.parquet	146460664	21228	b4746827	2026-03-14 06:41	data/bge.parquet	72a3f4a6	2026-09-28 19:16	stale: newer data/ counterpart
bge_historical.parquet	72516953	14578	b4746827	2026-03-14 06:41	data/bge.parquet	72a3f4a6	2026-09-28 19:16	stale: court not exported (build_fts5 folds bge_historical into bge)
bger.parquet	822789251	174114	b4746827	2026-03-14 06:41	data/bger.parquet	b9b64207	2026-10-06 22:12	stale: newer data/ counterpart
bl_gerichte.parquet	89299438	16947	b4746827	2026-03-14 06:41	data/bl_gerichte.parquet	902b16d1	2026-09-16 19:04	stale: newer data/ counterpart
bpatger.parquet	3350025	189	b4746827	2026-03-14 06:41	data/bpatger.parquet	6aa10826	2026-10-01 19:42	stale: newer data/ counterpart
bs_appellationsgericht.parquet	58480347	8024	b4746827	2026-03-14 06:41	data/bs_appellationsgericht.parquet	4b37c2d9	2026-10-04 22:24	stale: newer data/ counterpart
bs_gerichte.parquet	33175	2	04297085	2026-03-03 11:46	data/bs_gerichte.parquet	f33f7f62	2026-09-18 19:55	stale: newer data/ counterpart
bs_sozialversicherungsgericht.parquet	456274	2080	b4746827	2026-03-14 06:41	data/bs_sozialversicherungsgericht.parquet	6aa10826	2026-10-01 19:42	stale: newer data/ counterpart
bstger.parquet	102786758	11383	b4746827	2026-03-14 06:41	data/bstger.parquet	b9b64207	2026-10-06 22:12	stale: newer data/ counterpart
bvger.parquet	849395492	91515	b4746827	2026-03-14 06:41	data/bvger.parquet	b9b64207	2026-10-06 22:12	stale: newer data/ counterpart
ch_bundesrat.parquet	174487	24	b4746827	2026-03-14 06:41	data/ch_bundesrat.parquet	fc363653	2026-08-26 19:36	stale: newer data/ counterpart
ch_vb.parquet	225982295	22884	b4746827	2026-03-14 06:41	data/ch_vb.parquet	fc363653	2026-08-26 19:36	stale: newer data/ counterpart
comcom.parquet	2724232	64	b4746827	2026-03-14 06:41	data/comcom.parquet	fc363653	2026-08-26 19:36	stale: newer data/ counterpart
edoeb.parquet	5784493	1797	b4746827	2026-03-14 06:41	data/edoeb.parquet	9608c066	2026-09-25 19:52	stale: newer data/ counterpart
elcom.parquet	4776376	423	b4746827	2026-03-14 06:41	data/elcom.parquet	01ff3bfa	2026-10-03 18:05	stale: newer data/ counterpart
emark.parquet	1794553	237	b4746827	2026-03-14 06:41	data/emark.parquet	34b650a0	2026-09-10 12:08	stale: newer data/ counterpart
finma.parquet	219791	405	b4746827	2026-03-14 06:41	data/finma.parquet	e4bcf42c	2026-07-04 12:57	stale: newer data/ counterpart
finma_versicherungsrecht.parquet	27237521	2582	b4746827	2026-03-14 06:41	data/finma_versicherungsrecht.parquet	9608c066	2026-09-25 19:52	stale: newer data/ counterpart
fr_gerichte.parquet	112473958	14110	b4746827	2026-03-14 06:41	data/fr_gerichte.parquet	6aa10826	2026-10-01 19:42	stale: newer data/ counterpart
ge_gerichte.parquet	1264600758	166845	b4746827	2026-03-14 06:41	data/ge_gerichte.parquet	b9b64207	2026-10-06 22:12	stale: newer data/ counterpart
gl_gerichte.parquet	15247734	1401	b4746827	2026-03-14 06:41	data/gl_gerichte.parquet	6aa10826	2026-10-01 19:42	stale: newer data/ counterpart
gr_gerichte.parquet	49174315	14379	b4746827	2026-03-14 06:41	data/gr_gerichte.parquet	b9b64207	2026-10-06 22:12	stale: newer data/ counterpart
ju_gerichte.parquet	2485543	1052	b4746827	2026-03-14 06:41	data/ju_gerichte.parquet	b9b64207	2026-10-06 22:12	stale: newer data/ counterpart
lu_gerichte.parquet	17571088	3938	b4746827	2026-03-14 06:41	data/lu_gerichte.parquet	a1e8e0e6	2026-09-04 21:39	stale: newer data/ counterpart
ne_gerichte.parquet	60266394	7472	b4746827	2026-03-14 06:41	data/ne_gerichte.parquet	b9b64207	2026-10-06 22:12	stale: newer data/ counterpart
nw_gerichte.parquet	14631040	992	b4746827	2026-03-14 06:41	data/nw_gerichte.parquet	fc363653	2026-08-26 19:36	stale: newer data/ counterpart
ow_gerichte.parquet	8517272	2206	b4746827	2026-03-14 06:41	data/ow_gerichte.parquet	8da4bfec	2026-07-14 14:28	stale: newer data/ counterpart
postcom.parquet	920986	216	b4746827	2026-03-14 06:41	data/postcom.parquet	902b16d1	2026-09-16 19:04	stale: newer data/ counterpart
sg_gerichte.parquet	2082279	3795	b4746827	2026-03-14 06:41	data/sg_gerichte.parquet	2b3ed48f	2026-09-03 18:23	stale: newer data/ counterpart
sg_handelsgericht.parquet	113736	4	b4746827	2026-03-14 06:41	data/sg_handelsgericht.parquet	e4bcf42c	2026-07-04 12:57	stale: newer data/ counterpart
sg_kantonsgericht.parquet	1541269	114	b4746827	2026-03-14 06:41	data/sg_kantonsgericht.parquet	6aa10826	2026-10-01 19:42	stale: newer data/ counterpart
sg_publikationen.parquet	6598781	658	b4746827	2026-03-14 06:41	data/sg_publikationen.parquet	fc363653	2026-08-26 19:36	stale: newer data/ counterpart
sg_versicherungsgericht.parquet	77911918	7486	b4746827	2026-03-14 06:41	data/sg_versicherungsgericht.parquet	e39b2c06	2026-10-02 19:28	stale: newer data/ counterpart
sg_verwaltungsgericht.parquet	25966073	2721	b4746827	2026-03-14 06:41	data/sg_verwaltungsgericht.parquet	6b6d930a	2026-09-24 20:01	stale: newer data/ counterpart
sg_verwaltungsrekurskommission.parquet	1054942	158	b4746827	2026-03-14 06:41	data/sg_verwaltungsrekurskommission.parquet	2b3ed48f	2026-09-03 18:23	stale: newer data/ counterpart
sh_gerichte.parquet	188998	695	b4746827	2026-03-14 06:41	data/sh_gerichte.parquet	a0191fd0	2026-09-17 19:34	stale: newer data/ counterpart
sh_obergericht.parquet	719969	718	b4746827	2026-03-14 06:41	data/sh_obergericht.parquet	e4bcf42c	2026-07-04 12:57	stale: newer data/ counterpart
so_gerichte.parquet	84832881	8931	b4746827	2026-03-14 06:41	data/so_gerichte.parquet	01ff3bfa	2026-10-03 18:05	stale: newer data/ counterpart
sz_gerichte.parquet	2452621	3243	b4746827	2026-03-14 06:41	data/sz_gerichte.parquet	e39b2c06	2026-10-02 19:28	stale: newer data/ counterpart
sz_verwaltungsgericht.parquet	3481884	2048	b4746827	2026-03-14 06:41	data/sz_verwaltungsgericht.parquet	2b3ed48f	2026-09-03 18:23	stale: newer data/ counterpart
ta_sst.parquet	888289	49	b4746827	2026-03-14 06:41	data/ta_sst.parquet	01ff3bfa	2026-10-03 18:05	stale: newer data/ counterpart
tg_gerichte.parquet	4412688	1072	b4746827	2026-03-14 06:41	data/tg_gerichte.parquet	b760236e	2026-07-22 14:30	stale: newer data/ counterpart
tg_obergericht.parquet	8174034	2443	b4746827	2026-03-14 06:41	data/tg_obergericht.parquet	e4bcf42c	2026-07-04 12:57	stale: newer data/ counterpart
ti_gerichte.parquet	347931903	59232	b4746827	2026-03-14 06:41	data/ti_gerichte.parquet	b9b64207	2026-10-06 22:12	stale: newer data/ counterpart
ubi.parquet	4283158	644	b4746827	2026-03-14 06:41	data/ubi.parquet	6aa10826	2026-10-01 19:42	stale: newer data/ counterpart
ur_gerichte.parquet	4028237	1202	b4746827	2026-03-14 06:41	data/ur_gerichte.parquet	660216ac	2026-09-10 00:02	stale: newer data/ counterpart
vd_findinfo.parquet	627072517	74819	b4746827	2026-03-14 06:41	data/vd_findinfo.parquet	6aa10826	2026-10-01 19:42	stale: newer data/ counterpart
vd_gerichte.parquet	455986225	52498	b4746827	2026-03-14 06:41	data/vd_gerichte.parquet	b9b64207	2026-10-06 22:12	stale: newer data/ counterpart
vd_omni.parquet	224996433	28032	b4746827	2026-03-14 06:41	data/vd_omni.parquet	fc363653	2026-08-26 19:36	stale: newer data/ counterpart
vs_gerichte.parquet	6443252	6592	b4746827	2026-03-14 06:41	data/vs_gerichte.parquet	6aa10826	2026-10-01 19:42	stale: newer data/ counterpart
weko.parquet	18694877	256	b4746827	2026-03-14 06:41	data/weko.parquet	660216ac	2026-09-10 00:02	stale: newer data/ counterpart
zg_obergericht.parquet	12437678	1214	b4746827	2026-03-14 06:41	data/zg_obergericht.parquet	b9b64207	2026-10-06 22:12	stale: newer data/ counterpart
zg_verwaltungsgericht.parquet	13473052	1312	b4746827	2026-03-14 06:41	data/zg_verwaltungsgericht.parquet	b9b64207	2026-10-06 22:12	stale: newer data/ counterpart
zh_arbeitsgericht.parquet	17894	1	b4746827	2026-03-14 06:41	data/zh_arbeitsgericht.parquet	01ff3bfa	2026-10-03 18:05	stale: newer data/ counterpart
zh_baurekursgericht.parquet	9321819	1139	b4746827	2026-03-14 06:41	data/zh_baurekursgericht.parquet	902b16d1	2026-09-16 19:04	stale: newer data/ counterpart
zh_bezirksgericht_affoltern.parquet	30465	2	04297085	2026-03-03 11:46	data/zh_bezirksgericht_affoltern.parquet	e4bcf42c	2026-07-04 12:57	stale: newer data/ counterpart
zh_bezirksgericht_buelach.parquet	478669	17	b4746827	2026-03-14 06:41	data/zh_bezirksgericht_buelach.parquet	6aa10826	2026-10-01 19:42	stale: newer data/ counterpart
zh_bezirksgericht_dielsdorf.parquet	567824	18	b4746827	2026-03-14 06:41	data/zh_bezirksgericht_dielsdorf.parquet	6aa10826	2026-10-01 19:42	stale: newer data/ counterpart
zh_bezirksgericht_dietikon.parquet	611461	30	b4746827	2026-03-14 06:41	data/zh_bezirksgericht_dietikon.parquet	01ff3bfa	2026-10-03 18:05	stale: newer data/ counterpart
zh_bezirksgericht_hinwil.parquet	260737	15	b4746827	2026-03-14 06:41	data/zh_bezirksgericht_hinwil.parquet	6aa10826	2026-10-01 19:42	stale: newer data/ counterpart
zh_bezirksgericht_horgen.parquet	536948	53	b4746827	2026-03-14 06:41	data/zh_bezirksgericht_horgen.parquet	01ff3bfa	2026-10-03 18:05	stale: newer data/ counterpart
zh_bezirksgericht_meilen.parquet	187605	7	04297085	2026-03-03 11:46	data/zh_bezirksgericht_meilen.parquet	01ff3bfa	2026-10-03 18:05	stale: newer data/ counterpart
zh_bezirksgericht_pfaeffikon.parquet	409344	14	b4746827	2026-03-14 06:41	data/zh_bezirksgericht_pfaeffikon.parquet	01ff3bfa	2026-10-03 18:05	stale: newer data/ counterpart
zh_bezirksgericht_uster.parquet	262968	14	b4746827	2026-03-14 06:41	data/zh_bezirksgericht_uster.parquet	660216ac	2026-09-10 00:02	stale: newer data/ counterpart
zh_bezirksgericht_winterthur.parquet	1259202	43	b4746827	2026-03-14 06:41	data/zh_bezirksgericht_winterthur.parquet	01ff3bfa	2026-10-03 18:05	stale: newer data/ counterpart
zh_bezirksgericht_zuerich.parquet	11014847	448	b4746827	2026-03-14 06:41	data/zh_bezirksgericht_zuerich.parquet	6aa10826	2026-10-01 19:42	stale: newer data/ counterpart
zh_gerichte.parquet	1707329	1436	b4746827	2026-03-14 06:41	data/zh_gerichte.parquet	01ff3bfa	2026-10-03 18:05	stale: newer data/ counterpart
zh_handelsgericht.parquet	29303211	4653	b4746827	2026-03-14 06:41	data/zh_handelsgericht.parquet	01ff3bfa	2026-10-03 18:05	stale: newer data/ counterpart
zh_kassationsgericht.parquet	14403918	1454	b4746827	2026-03-14 06:41	data/zh_kassationsgericht.parquet	01ff3bfa	2026-10-03 18:05	stale: newer data/ counterpart
zh_mietgericht.parquet	34901	1	04297085	2026-03-03 11:46	data/zh_mietgericht.parquet	01ff3bfa	2026-10-03 18:05	stale: newer data/ counterpart
zh_obergericht.parquet	261401894	27304	b4746827	2026-03-14 06:41	data/zh_obergericht.parquet	01ff3bfa	2026-10-03 18:05	stale: newer data/ counterpart
zh_sozialversicherungsgericht.parquet	311815951	33640	b4746827	2026-03-14 06:41	data/zh_sozialversicherungsgericht.parquet	b9b64207	2026-10-06 22:12	stale: newer data/ counterpart
zh_steuerrekursgericht.parquet	8324782	878	b4746827	2026-03-14 06:41	data/zh_steuerrekursgericht.parquet	d43a8904	2026-09-26 19:43	stale: newer data/ counterpart
zh_verwaltungsgericht.parquet	98231306	11478	b4746827	2026-03-14 06:41	data/zh_verwaltungsgericht.parquet	01ff3bfa	2026-10-03 18:05	stale: newer data/ counterpart
