decision_id	class	dfr_document	scan_evidence	holds_reference	corpus_copy	own_ruling_of_reference	served_2026-10-07	incoming_edges	proposed_action
bge_52_I_1	foreign_volume	https://www.fallrecht.ch/c1052001.pdf	spread 1: abbreviation list of the 1939 volume (CPC ... ROLF), p. 1 "A. STAATSRECHT — DROIT PUBLIC", "1. Arrêt du 3 mars 1939 dans la cause Galland et S. A. Brunschwig et Galland contre Tribunal d'accusation du canton de Vaud"; same file bytes as c1065001.pdf except the PDF title	65 I 1	bge_65_I_1 (servat HTML, not byte-identical); pages shared with bge_65_I_4	No 1 (inferred from 52 I 14 = No 3); not on DFR (c1052001.html 404)	65 I text, date 1926-01-01 estimated	0 (1 running-head artefact)	A: suppress text, keep reference; nothing in neighbouring scans
bge_52_I_8	foreign_volume	https://www.fallrecht.ch/c1052008.pdf	pp. 8/9 "III. NULLA POENA SINE LEGE", "3. Urteil vom 28. April 1939 i. S. Neef gegen Staatsanwaltschaft und Obergericht Thurgau"	65 I 8	bge_65_I_8 (identical text, content_hash 30a95bb1)	No 2 (inferred: 52 I 1 = No 1, 52 I 14 = No 3); not on DFR	65 I 8 text (API checked), date 1926-01-01 estimated	3 (76 I 5, 78 I 193, 78 I 196 cite 52 I 12)	A: suppress text, keep reference; only p. 14 in a neighbouring scan; stays withheld
bge_52_I_23	foreign_volume	https://www.fallrecht.ch/c1052023.pdf	pp. 22/23 "B. VERWALTUNGS- UND DISZIPLINARRECHTSPFLEGE", "I. BUNDESRECHTLICHE ABGABEN", running head "Bundesrechtliche Abgaben. No 6."; p. 22 cites "RO 59 I p. 179, 224; 62 I p. 233; 64 I p. 44"	65 I 23	bge_65_I_23 (identical text)	No 4 (inferred: 52 I 14 = No 3, 52 I 27 = No 5); not on DFR	65 I text, date 1926-01-01 estimated	4 (67 I 97, 69 I 74, 77 I 22, 80 I 184)	A: suppress text, keep reference; partial recovery from neighbouring scans (pp. 23, 26)
bge_52_I_39	foreign_volume	https://www.fallrecht.ch/c1052039.pdf	pp. 38/39 "C. STRAFRECHT — DROIT PÉNAL", "I. SCHUTZ DER SICHERHEIT DER EIDGENOSSENSCHAFT", No 9, Urteil des Kassationshofes, März 1939, i. S. Kämpfer gegen Zürich, Staatsanwaltschaft	65 I 39	bge_65_I_39 (identical text); pages shared with bge_65_I_47	No 7 (inferred: 52 I 34 = No 6, 52 I 44 = No 8); not on DFR	65 I text, date 1926-01-01 estimated	0 (1 running-head artefact)	A: suppress text, keep reference; partial recovery from neighbouring scans (pp. 39, 44)
bge_52_I_149	foreign_volume	https://www.fallrecht.ch/c1052149.pdf	pp. 148/149 running heads "Verwaltungs- und Disziplinarrechtspflege" / "Registersachen. No 25."; p. 148 cites "art. 680 CO rev. (629 anc.)" (revised CO of 1936)	65 I 149	bge_65_I_149 (identical text); pages shared with bge_65_I_147	No 22 (inferred: 52 I 145 = No 21, 52 I 154 = No 23); not on DFR	65 I text, date 1926-01-01 estimated	10 (BGer 1P.152/2002, 1P.559/2000; BGE 95 I 366, 95 II 22, 96 I 130 in two id forms each; VD AC.2012.0160; OW VVGE 1981/82 Nr. 53)	A: suppress text, keep reference; partial recovery from a neighbouring scan (p. 149)
bge_52_I_230	foreign_volume	https://www.fallrecht.ch/c1052230.pdf	pp. 230/231 "IV. GLAUBENS- UND GEWISSENSFREIHEIT", "40. Urteil vom 13. Oktober 1939 i. S. Giesker gegen Zürich, Kirchenpflege St. Peter"	65 I 230	bge_65_I_230 (identical text)	No 32 (inferred: 52 I 227 = No 31, 52 I 238 = No 33); not on DFR	65 I text, date 1926-01-01 estimated	1 (65 I 65 cites 52 I 236)	A: suppress text, keep reference; nothing in neighbouring scans
bge_71_II_223	foreign_pages_appended	https://www.fallrecht.ch/c2071223.pdf (row source_url: https://servat.unibe.ch/dfr/c2071223.html)	PDF spreads 1-2: pp. 223-225, "49. Auszug aus dem Urteil der I. Zivilabteilung vom 25. September 1945 i. S. Jos. Habegger G.m.b.H. gegen W. Kuhn und Sohn", head of No 50 (9. Oktober 1945, Schweizer gegen Staat Zürich); spreads 3-7: pp. 154-161 of 77 II, "32. Auszug aus dem Urteil der I. Zivilabteilung vom 20. Februar 1951 i. S. Frank A.-G. gegen Frigaliment GmbH", handwritten "BGE 77 II 154" on spread 3	71 II 223 + 77 II 154	bge_77_II_154 (servat HTML)	own ruling complete on spreads 1-2 and in the servat HTML (served until March: 4,117 chars)	21,582 chars; from offset 5,754 (page line "154") 77 II 154 (API checked); date 1945-01-01 estimated	11 (incl. BGer 4C.303/2001, BGE 114 II 250, GE ACJC/1261/2025)	B: cut at the foreign page (or restore the HTML text); segmenter rule
bge_39_I_469	other_pages_same_volume	https://www.fallrecht.ch/c1039469.pdf	pp. 482/483, running head "C. Entscheidungen der Schuldbetreibungs- und Konkurskammer. No 87."; c1039483.pdf shows the same two pages (separate files, renders not byte-identical)	39 I 483	bge_39_I_483 (identical text)	No 83 expected (39 I 465 = No 82, 39 I 471 = No 84); not on DFR	No 87 text, date 1913-09-24 = No 87's (API checked)	6 (BGE 88 III 59 in two id forms; VD ML/2012/176, ML/2013/156 in two id forms each)	C: suppress text, keep reference, date placeholder; full recovery from neighbouring scans (pp. 469-471, OCR)
bge_22_I_12	html_other_reference	https://servat.unibe.ch/dfr/c1022012.html (the index link for 22 I 12)	HTML titled "DFR - BGE 22 I 1012 - Kantonsverfassung Nidwalden"; the PDF at the same code, https://www.fallrecht.ch/c1022012.pdf, shows pp. 12/13, running head "II. Doppelbesteuerung. No 4." (Fietz & Leuthold, Gemeinde Ebikon); 22 I 1012 is https://www.fallrecht.ch/c1022A12.pdf	22 I 1012	none (pages >= 1000 never scraped, see runbook)	available: https://www.fallrecht.ch/c1022012.pdf	22 I 1012 text, date 1896-06-29 extracted_from_text (a publication date inside that text) (API checked)	0 (1 running-head artefact)	D: re-fetch 22 I 12 from the PDF; 22 I 1012 as its own row from c1022A12.pdf
bge_20_I_385	not_source_error:same_spread	https://www.fallrecht.ch/c1020385.pdf	same scan as c1020384.pdf (pp. 384-387); p. 384 "69. Arrêt du 25 Mai 1894 dans la cause Audemars, Piguet & Cie contre Matthey", p. 385 "70. Arrêt du 15 Juin 1894 dans la cause Eisele contre masse Porchat"	20 I 384 + 20 I 385	bge_20_I_384 (identical text)	No 70, in the shared spread	date 1894-05-25 = No 69's (API checked)		segmenter: OCR "69. Artet dn 25 Mai 1894 dans ia canse" is not recognised; date of 20 I 385 is No 69's
bge_62_II_49	not_source_error:same_spread	https://www.fallrecht.ch/c2062049.pdf	same scan as c2062048.pdf (pp. 48-53); "14. Urteil der II. Zivilabteilung vom 13. Februar 1936" begins at the foot of p. 48; the text layer holds No 15's header as well	62 II 48 + 62 II 49	bge_62_II_48 (identical text)	No 15, in the shared spread			none: the segmenter separates them (48 = No 14, 49 = No 15)
bge_1_I_13	not_source_error:printed_year	https://www.fallrecht.ch/c1001013.pdf	p. 13 running head "III. Doppelbesteuerung. No 3. u. 4.", "4. Urtheil vom 19. Februar 1876 in Sachen Regina Montium." (volume 1 = 1875; facts end with a Bundesrat decision of 5 June 1874)	1 I 13					none: right page; the gate's placeholder stands
bge_16_I_838	not_source_error:printed_year	https://www.fallrecht.ch/c1016838.pdf	"120. Urtheil vom 12. Dezember 1891 in Sachen Jauch gegen Zgraggen."; sheet signature "XVI — 1890" on the following page; cantonal judgment of 10 July 1890	16 I 838					none: right page; the gate's placeholder stands
bge_44_II_30	not_source_error:printed_year	https://www.fallrecht.ch/c2044024.pdf (seen via 44 II 24)	running head "Sachenrecht. No 7." on p. 30; "7. Arrêt de la IIe Section civile du 24 janvier 1919" (volume 44 = 1918; No 6 and No 9 dated 1918)	44 II 30			date 1919-01-24		none: right page; the gate on the segmentation branch gives the placeholder
bge_52_I_301	not_source_error:printed_year	https://www.fallrecht.ch/c1052301.pdf	pp. 300-309, running head "Handels- und Gewerbefreiheit. No 41."; "41. Arrêt du 12 novembre 1927 dans la cause Démétriadès" (volume 52 = 1926; No 42 dated 1926)	52 I 301					none: right page; the gate's placeholder stands
bge_61_I_194	not_source_error:printed_year	https://www.fallrecht.ch/c1061194.pdf	running head "Organisation der Bundesrechtspflege. No 26."; the scan reads "26. Urteil vom 21. Juni 1925 i. S. Bähler-Troller gegen Solothurn" (volume 61 = 1935; facts of September 1934)	61 I 194					none: right page; the gate's placeholder stands
