shard	decision_id	docket	outcome	stored_date	own_date	source	publication_date	publication_date_equals_own	twin_dates
es_sg_gerichte	sg_gerichte_AK.2017.192	AK.2017.192	conflict	2017-07-13	trailer=2017-07-13;kopf=2017-12-21	conflict	2017-12-21	False	2017-12-21
es_sg_gerichte	sg_gerichte_BES.2016.68	BES.2016.68	conflict	2017-10-09	trailer=2017-10-09;kopf=2017-05-02	conflict		False	2017-05-02
es_sg_gerichte	sg_gerichte_BES.2019.118	BES.2019.118	conflict	2021-01-04	trailer=2021-01-04;kopf=2022-01-04	conflict	2022-01-04	False	2016-02-23,2022-01-04
es_sg_gerichte	sg_gerichte_BZ.2005.104	BZ.2005.104	conflict	2007-10-29	trailer=2007-10-29;kopf=2007-11-22	conflict	2007-11-22	False	2007-11-22
es_sg_gerichte	sg_gerichte_BZ.2006.72	BZ.2006.72	conflict	2007-03-01	trailer=2007-03-01;kopf=2007-04-03	conflict	2007-04-03	False	2004-06-22,2007-04-03
es_sg_gerichte	sg_gerichte_BZ.2009.90	BZ.2009.90	conflict	2010-04-21	trailer=2010-04-21;kopf=2010-04-24	conflict	2010-04-24	False	2006-01-16,2010-04-24
es_sg_gerichte	sg_gerichte_HG.2013.206	HG.2013.206	conflict	2013-10-16	trailer=2013-10-25;kopf=2013-10-16	conflict		False	2013-10-08
es_sg_gerichte	sg_gerichte_IV-2004_53P	IV-2004/53P	conflict	2004-08-28	trailer=2004-08-28;kopf=2004-08-25	conflict	2004-08-25	False	2004-08-25
es_sg_gerichte	sg_gerichte_IV-2006_131	IV-2006/131	conflict	2006-12-12	trailer=2006-12-12;kopf=2006-10-12	conflict		False	2006-10-12
es_sg_gerichte	sg_gerichte_IV-2008_153	IV-2008/153	conflict	2009-06-25	trailer=2009-06-25;kopf=2009-09-25	conflict	2009-09-25	False	2009-09-25
es_sg_gerichte	sg_gerichte_I_1-2008_205	I/1-2008/205	conflict	2009-08-20	trailer=2009-08-20;kopf=2009-07-09	conflict		False	
es_sg_gerichte	sg_gerichte_AW.2013.82	AW.2013.82	unstamped_disagree	2015-01-23	2014-04-29	regeste_trailer		False	2013-12-11,2014-04-29
es_sg_gerichte	sg_gerichte_BE.2019.29	BE.2019.29	unstamped_disagree	2019-10-04	2019-07-16	kopfzeile		False	2019-07-16
es_sg_gerichte	sg_gerichte_BE.2019.6	BE.2019.6	unstamped_disagree	2019-12-13	2019-08-05	kopfzeile		False	2019-08-05
es_sg_gerichte	sg_gerichte_BE.2022.32	BE.2022.32	unstamped_disagree	2022-11-18	2022-10-10	regeste_trailer		False	2022-09-08,2022-10-10
es_sg_gerichte	sg_gerichte_BO.2012.56-58	BO.2012.56-58	unstamped_disagree	2013-09-09	2013-04-03	kopfzeile		False	2013-04-03
es_sg_gerichte	sg_gerichte_BZ.2006.83	BZ.2006.83	unstamped_disagree	2008-07-04	2007-10-16	regeste_trailer		False	2007-10-16
es_sg_gerichte	sg_gerichte_BZ.2007.25	BZ.2007.25	unstamped_disagree	2008-04-23	2007-08-17	regeste_trailer		False	2005-06-02,2007-08-17
es_sg_gerichte	sg_gerichte_BZ.2007.70	BZ.2007.70	unstamped_disagree	2008-09-10	2008-04-07	regeste_trailer		False	2005-03-21,2008-04-07
es_sg_gerichte	sg_gerichte_BZ.2008.10	BZ.2008.10	unstamped_disagree	2009-01-22	2008-06-18	regeste_trailer		False	2005-07-05,2008-06-18
es_sg_gerichte	sg_gerichte_BZ.2008.7	BZ.2008.7	unstamped_disagree	2009-05-13	2008-10-08	regeste_trailer		False	1994-12-07,2008-10-08
es_sg_gerichte	sg_gerichte_BZ._2004.85	BZ. 2004.85	unstamped_disagree	2008-09-10	2007-11-16	regeste_trailer		False	1990-10-04,2007-11-16
es_sg_gerichte	sg_gerichte_FS.2016.13	FS.2016.13	unstamped_disagree	2018-02-07	2017-05-29	kopfzeile		False	2015-01-09,2017-05-29
es_sg_gerichte	sg_gerichte_HG.2012.95	HG.2012.95	unstamped_disagree	2017-07-12	2016-11-30	regeste_trailer		False	
es_sg_gerichte	sg_gerichte_IV-2006_122	IV-2006/122	unstamped_disagree	2006-12-07	2006-10-18	regeste_trailer		False	2006-10-18
es_sg_gerichte	sg_gerichte_IV-2006_143	IV-2006/143	unstamped_disagree	2007-05-01	2006-12-12	regeste_trailer		False	
es_sg_gerichte	sg_gerichte_IV-2012_123	IV-2012/123	unstamped_disagree	2014-02-12	2013-02-28	regeste_trailer		False	2013-02-28
es_sg_gerichte	sg_gerichte_IV-2013_52	IV-2013/52	unstamped_disagree	2013-12-19	2013-08-29	regeste_trailer		False	2013-08-29
es_sg_gerichte	sg_gerichte_IV-2014_39	IV-2014/39	unstamped_disagree	2015-05-28	2014-11-27	regeste_trailer		False	2014-11-27
es_sg_gerichte	sg_gerichte_IV-2014_44	IV-2014/44	unstamped_disagree	2014-12-04	2014-08-28	regeste_trailer		False	2014-08-28
es_sg_gerichte	sg_gerichte_IV-2015_7	IV-2015/7	unstamped_disagree	2015-12-17	2015-05-28	regeste_trailer		False	2015-05-28
es_sg_gerichte	sg_gerichte_IV-2016_141	IV-2016/141	unstamped_disagree	2018-02-19	2017-02-23	regeste_trailer		False	2017-02-23
es_sg_gerichte	sg_gerichte_IV-2017_119	IV-2017/119	unstamped_disagree	2018-09-08	2018-01-04	regeste_trailer		False	2018-01-04
es_sg_gerichte	sg_gerichte_IV-2017_135	IV-2017/135	unstamped_disagree	2018-07-11	2018-02-22	regeste_trailer		False	2018-02-22
es_sg_gerichte	sg_gerichte_IV-2017_152	IV-2017/152	unstamped_disagree	2018-07-12	2018-02-22	regeste_trailer		False	2018-02-22
es_sg_gerichte	sg_gerichte_IV-2017_71	IV-2017/71	unstamped_disagree	2018-07-13	2017-11-30	regeste_trailer		False	2017-11-30
es_sg_gerichte	sg_gerichte_I_1-2012_32	I/1-2012/32	unstamped_disagree	2014-04-16	2013-03-07	regeste_trailer		False	
es_sg_gerichte	sg_gerichte_I_1-2023_165	I/1-2023/165	unstamped_disagree	2024-11-15	2024-04-25	regeste_trailer		False	
es_sg_gerichte	sg_gerichte_I_1-2023_226	I/1-2023/226	unstamped_disagree	2024-09-30	2024-07-04	regeste_trailer		False	
es_sg_gerichte	sg_gerichte_I_2-2012_3	I/2-2012/3	unstamped_disagree	2013-12-19	2012-08-30	regeste_trailer		False	2012-08-30
es_sg_gerichte	sg_gerichte_I_2-2012_7	I/2-2012/7	unstamped_disagree	2013-12-19	2012-08-30	regeste_trailer		False	2012-08-30
es_sg_gerichte	sg_gerichte_ST.2019.22	ST.2019.22	unstamped_disagree	2021-01-08	2020-01-09	kopfzeile		False	2020-01-09
es_sg_gerichte	sg_gerichte_V-2015_98	V-2015/98	unstamped_disagree	2016-08-09	2015-08-12	regeste_trailer		False	
sg_publikationen	sg_publikationen_AK.2017.192	AK.2017.192	unstamped_disagree	2017-12-21	2017-07-13	regeste_trailer	2017-12-21	False	2017-07-13
sg_publikationen	sg_publikationen_BES.2016.68	BES.2016.68	unstamped_disagree	2017-05-02	2017-10-09	regeste_trailer	2020-01-28	False	2017-10-09
sg_publikationen	sg_publikationen_BES.2019.118	BES.2019.118	unstamped_disagree	2016-02-23	2021-01-04	regeste_trailer	2022-01-04	False	2021-01-04
sg_publikationen	sg_publikationen_BES.2019.118_d20220104	BES.2019.118	unstamped_disagree	2022-01-04	2021-01-04	regeste_trailer		False	2021-01-04
sg_publikationen	sg_publikationen_BO.2015.5	BO.2015.5	unstamped_disagree	2016-01-28	2015-08-21	regeste_trailer		False	2015-08-21
sg_publikationen	sg_publikationen_BO.2018.12	BO.2018.12	unstamped_disagree	2020-05-20	2019-10-23	regeste_trailer		False	2019-10-23
sg_publikationen	sg_publikationen_BS.2019.11	BS.2019.11	unstamped_disagree	2020-03-19	2020-02-04	regeste_trailer		False	2020-02-04
sg_publikationen	sg_publikationen_BZ.2005.104	BZ.2005.104	unstamped_disagree	2007-11-22	2007-10-29	regeste_trailer	2020-02-19	False	2007-10-29
sg_publikationen	sg_publikationen_BZ.2006.72	BZ.2006.72	unstamped_disagree	2004-06-22	2007-03-01	regeste_trailer	2007-04-03	False	2007-03-01
sg_publikationen	sg_publikationen_BZ.2006.72_d20070403	BZ.2006.72	unstamped_disagree	2007-04-03	2007-03-01	regeste_trailer		False	2007-03-01
sg_publikationen	sg_publikationen_BZ.2009.90	BZ.2009.90	unstamped_disagree	2006-01-16	2010-04-21	regeste_trailer	2010-04-24	False	2010-04-21
sg_publikationen	sg_publikationen_BZ.2009.90_d20100424	BZ.2009.90	unstamped_disagree	2010-04-24	2010-04-21	regeste_trailer		False	2010-04-21
sg_publikationen	sg_publikationen_FO.2022.10-K2	FO.2022.10-K2	unstamped_disagree	2024-08-16	2024-07-04	regeste_trailer		False	2024-07-04
sg_publikationen	sg_publikationen_FS.2018.3_4_d20190921	FS.2018.3/4	unstamped_disagree	2019-09-21	2019-11-21	regeste_trailer		False	2019-11-06
sg_publikationen	sg_publikationen_HG.2013.206	HG.2013.206	unstamped_disagree	2013-10-08	2013-10-25	regeste_trailer	2013-10-16	False	2013-10-16
sg_publikationen	sg_publikationen_IV-2004_53P_d20040825	IV-2004/53P	unstamped_disagree	2004-08-25	2004-08-28	regeste_trailer		False	2004-08-28
sg_publikationen	sg_publikationen_IV-2006_131_d20061012	IV-2006/131	unstamped_disagree	2006-10-12	2006-12-12	regeste_trailer		False	2006-12-12
sg_publikationen	sg_publikationen_IV-2008_153_d20090925	IV-2008/153	unstamped_disagree	2009-09-25	2009-06-25	regeste_trailer		False	2009-06-25
sg_publikationen	sg_publikationen_I_2-2006_31_d20070319	I/2-2006/31	unstamped_disagree	2007-03-19	2007-04-19	regeste_trailer		False	
es_sg_gerichte	sg_gerichte_27.06.2019	27.06.2019	unstamped_disagree	2019-06-27	2019-10-08	kopfzeile	2019-10-08	True	
es_sg_gerichte	sg_gerichte_AK.2024.554-AK	AK.2024.554-AK	unstamped_disagree	2024-06-19	2024-12-05	kopfzeile	2024-12-05	True	2024-12-05
es_sg_gerichte	sg_gerichte_HG.2011.10_2	HG.2011.10/2	unstamped_disagree	2011-06-28	2011-06-30	kopfzeile	2011-06-30	True	2011-01-10,2011-06-30
es_sg_gerichte	sg_gerichte_HG.2012.215	HG.2012.215	unstamped_disagree	2013-07-24	2013-07-27	kopfzeile	2013-07-27	True	2012-04-24,2013-07-27
es_sg_gerichte	sg_gerichte_I_1-2011_18	I/1-2011/18	unstamped_disagree	2008-01-01	2011-11-15	regeste_trailer	2011-11-15	True	2011-11-15
es_sg_gerichte	sg_gerichte_I_1-2012_185	I/1-2012/185	unstamped_disagree	2011-12-31	2013-02-26	regeste_trailer	2013-02-26	True	
es_sg_gerichte	sg_gerichte_I_1-2012_87	I/1-2012/87	unstamped_disagree	2010-04-17	2012-09-25	regeste_trailer	2012-09-25	True	2012-09-25
es_sg_gerichte	sg_gerichte_I_1-2021_153	I/1-2021/153	unstamped_disagree	2020-04-01	2021-12-09	regeste_trailer	2021-12-09	True	2021-12-09
es_sg_gerichte	sg_gerichte_I_1-2022_68	I/1-2022/68	unstamped_disagree	2005-04-13	2023-04-03	regeste_trailer	2023-04-03	True	
es_sg_gerichte	sg_gerichte_I_2-2005_20	I/2-2005/20	unstamped_disagree	2001-01-01	2005-09-07	kopfzeile	2005-09-07	True	2005-09-07
es_sg_gerichte	sg_gerichte_I_2-2005_38	I/2-2005/38	unstamped_disagree	2003-01-01	2006-03-08	kopfzeile	2006-03-08	True	
sg_publikationen	sg_publikationen_AB.2004.15	AB.2004.15	unstamped_disagree	2004-04-26	2004-05-27	regeste_trailer	2004-05-27	True	2004-05-27
sg_publikationen	sg_publikationen_AB.2008.1	AB.2008.1	unstamped_disagree	2007-07-02	2008-03-03	regeste_trailer	2008-03-03	True	2008-03-03
sg_publikationen	sg_publikationen_AB.2012.12	AB.2012.12	unstamped_disagree	2011-08-16	2012-08-28	regeste_trailer	2012-08-28	True	2012-08-28
sg_publikationen	sg_publikationen_AB.2017.10	AB.2017.10	unstamped_disagree	2016-08-02	2017-05-02	regeste_trailer	2017-05-02	True	2017-05-02
sg_publikationen	sg_publikationen_AK.2004.66	AK.2004.66	unstamped_disagree	2004-03-01	2004-05-04	regeste_trailer	2004-05-04	True	2004-05-04
sg_publikationen	sg_publikationen_AK.2006.254	AK.2006.254	unstamped_disagree	2006-09-01	2006-11-21	regeste_trailer	2006-11-21	True	2006-11-21
sg_publikationen	sg_publikationen_AK.2009.60	AK.2009.60	unstamped_disagree	2003-06-12	2009-02-25	regeste_trailer	2009-02-25	True	2009-02-25
sg_publikationen	sg_publikationen_AK.2011.136	AK.2011.136	unstamped_disagree	2001-10-03	2011-06-28	regeste_trailer	2011-06-28	True	2011-06-28
sg_publikationen	sg_publikationen_AK.2011.15	AK.2011.15	unstamped_disagree	1997-02-01	2011-03-01	regeste_trailer	2011-03-01	True	2011-03-01
sg_publikationen	sg_publikationen_AK.2011.184	AK.2011.184	unstamped_disagree	2011-06-22	2011-08-23	regeste_trailer	2011-08-23	True	2011-08-23
sg_publikationen	sg_publikationen_AK.2011.36	AK.2011.36	unstamped_disagree	2011-01-26	2011-03-16	regeste_trailer	2011-03-16	True	2011-03-16
sg_publikationen	sg_publikationen_AK.2013.265	AK.2013.265	unstamped_disagree	2013-08-10	2013-11-27	regeste_trailer	2013-11-27	True	2013-11-27
sg_publikationen	sg_publikationen_AK.2013.89	AK.2013.89	unstamped_disagree	2013-01-01	2013-05-29	regeste_trailer	2013-05-29	True	2013-05-29
sg_publikationen	sg_publikationen_AK.2014.121	AK.2014.121	unstamped_disagree	2013-12-20	2014-05-14	regeste_trailer	2014-05-14	True	2014-05-14
sg_publikationen	sg_publikationen_AK.2014.208	AK.2014.208	unstamped_disagree	2014-06-30	2014-08-20	regeste_trailer	2014-08-20	True	2014-08-20
sg_publikationen	sg_publikationen_AK.2014.227	AK.2014.227	unstamped_disagree	2014-07-23	2014-09-17	regeste_trailer	2014-09-17	True	2014-09-17
sg_publikationen	sg_publikationen_AK.2014.240	AK.2014.240	unstamped_disagree	2014-07-29	2014-09-10	regeste_trailer	2014-09-10	True	2014-09-10
sg_publikationen	sg_publikationen_AK.2014.361	AK.2014.361	unstamped_disagree	2014-11-24	2015-02-03	regeste_trailer	2015-02-03	True	2015-02-03
sg_publikationen	sg_publikationen_AK.2015.297	AK.2015.297	unstamped_disagree	2015-09-29	2015-11-17	regeste_trailer	2015-11-17	True	2015-11-17
sg_publikationen	sg_publikationen_AK.2017.264	AK.2017.264	unstamped_disagree	2017-04-11	2017-10-04	regeste_trailer	2017-10-04	True	2017-10-04
sg_publikationen	sg_publikationen_AK.2017.392	AK.2017.392	unstamped_disagree	2017-11-13	2017-12-20	regeste_trailer	2017-12-20	True	2017-12-20
sg_publikationen	sg_publikationen_AK.2018.207	AK.2018.207	unstamped_disagree	2018-01-01	2018-08-16	regeste_trailer	2018-08-16	True	2018-08-16
sg_publikationen	sg_publikationen_AK.2018.436	AK.2018.436	unstamped_disagree	2018-11-20	2019-02-28	regeste_trailer	2019-02-28	True	2019-02-28
sg_publikationen	sg_publikationen_AK.2018.75	AK.2018.75	unstamped_disagree	2017-12-29	2018-04-26	regeste_trailer	2018-04-26	True	2018-04-26
sg_publikationen	sg_publikationen_AK.2019.116	AK.2019.116	unstamped_disagree	2019-03-01	2019-06-19	regeste_trailer	2019-06-19	True	2019-06-19
sg_publikationen	sg_publikationen_AK.2019.139	AK.2019.139	unstamped_disagree	2018-06-28	2019-05-22	regeste_trailer	2019-05-22	True	2019-05-22
sg_publikationen	sg_publikationen_AW.2013.76	AW.2013.76	unstamped_disagree	2013-11-21	2014-04-29	regeste_trailer	2014-04-29	True	2014-04-29
sg_publikationen	sg_publikationen_AW.2013.77	AW.2013.77	unstamped_disagree	2013-11-19	2014-04-29	regeste_trailer	2014-04-29	True	2014-04-29
sg_publikationen	sg_publikationen_AW.2013.82	AW.2013.82	unstamped_disagree	2013-12-11	2014-04-29	regeste_trailer	2014-04-29	True	2015-01-23
sg_publikationen	sg_publikationen_AW.2014.25	AW.2014.25	unstamped_disagree	2014-04-29	2014-12-01	regeste_trailer	2014-12-01	True	2014-12-01
sg_publikationen	sg_publikationen_AW.2015.48	AW.2015.48	unstamped_disagree	2015-06-15	2015-10-29	regeste_trailer	2015-10-29	True	2015-10-29
sg_publikationen	sg_publikationen_AW.2015.59	AW.2015.59	unstamped_disagree	2015-08-03	2015-10-29	regeste_trailer	2015-10-29	True	2015-10-29
sg_publikationen	sg_publikationen_AW.2016.11	AW.2016.11	unstamped_disagree	2016-03-22	2016-06-29	regeste_trailer	2016-06-29	True	2016-06-29
sg_publikationen	sg_publikationen_AW.2016.81	AW.2016.81	unstamped_disagree	2016-12-07	2017-01-11	regeste_trailer	2017-01-11	True	2017-01-11
sg_publikationen	sg_publikationen_AW.2017.10	AW.2017.10	unstamped_disagree	2017-02-06	2017-05-15	regeste_trailer	2017-05-15	True	2017-05-15
sg_publikationen	sg_publikationen_AW.2019.24	AW.2019.24	unstamped_disagree	2019-03-06	2019-09-19	regeste_trailer	2019-09-19	True	2019-09-19
sg_publikationen	sg_publikationen_AW.2019.28	AW.2019.28	unstamped_disagree	2018-06-26	2019-09-19	regeste_trailer	2019-09-19	True	2019-09-19
sg_publikationen	sg_publikationen_AW.2020.11	AW.2020.11	unstamped_disagree	2020-02-06	2021-12-07	regeste_trailer	2021-12-07	True	2021-12-07
sg_publikationen	sg_publikationen_AW.2022.85	AW.2022.85	unstamped_disagree	2022-09-22	2023-04-04	regeste_trailer	2023-04-04	True	2023-04-04
sg_publikationen	sg_publikationen_BE.2011.1	BE.2011.1	unstamped_disagree	2010-12-27	2011-03-17	regeste_trailer	2011-03-17	True	2011-03-17
sg_publikationen	sg_publikationen_BE.2011.14	BE.2011.14	unstamped_disagree	2011-02-10	2011-05-09	regeste_trailer	2011-05-09	True	2011-05-09
sg_publikationen	sg_publikationen_BE.2011.35	BE.2011.35	unstamped_disagree	2008-09-18	2011-11-23	regeste_trailer	2011-11-23	True	2011-11-23
sg_publikationen	sg_publikationen_BE.2011.38	BE.2011.38	unstamped_disagree	2010-11-25	2012-02-02	regeste_trailer	2012-02-02	True	2012-02-02
sg_publikationen	sg_publikationen_BE.2011.41	BE.2011.41	unstamped_disagree	2011-09-09	2011-10-19	regeste_trailer	2011-10-19	True	2011-10-19
sg_publikationen	sg_publikationen_BE.2011.42	BE.2011.42	unstamped_disagree	2011-09-02	2011-10-17	regeste_trailer	2011-10-17	True	2011-10-17
sg_publikationen	sg_publikationen_BE.2011.43	BE.2011.43	unstamped_disagree	2011-06-30	2011-12-14	regeste_trailer	2011-12-14	True	2011-12-14
sg_publikationen	sg_publikationen_BE.2011.50	BE.2011.50	unstamped_disagree	2011-11-14	2011-12-19	regeste_trailer	2011-12-19	True	2011-12-19
sg_publikationen	sg_publikationen_BE.2011.51	BE.2011.51	unstamped_disagree	2011-09-15	2012-02-07	regeste_trailer	2012-02-07	True	2012-02-07
sg_publikationen	sg_publikationen_BE.2011.9	BE.2011.9	unstamped_disagree	2011-03-01	2011-04-20	regeste_trailer	2011-04-20	True	2011-04-20
sg_publikationen	sg_publikationen_BE.2012.15	BE.2012.15	unstamped_disagree	2010-11-04	2012-06-05	regeste_trailer	2012-06-05	True	2012-06-05
sg_publikationen	sg_publikationen_BE.2012.20	BE.2012.20	unstamped_disagree	2011-08-25	2012-05-22	regeste_trailer	2012-05-22	True	2012-05-22
sg_publikationen	sg_publikationen_BE.2013.28	BE.2013.28	unstamped_disagree	2012-09-11	2013-12-10	regeste_trailer	2013-12-10	True	2013-12-10
sg_publikationen	sg_publikationen_BE.2013.4-6	BE.2013.4-6	unstamped_disagree	2013-02-20	2013-09-17	regeste_trailer	2013-09-17	True	2013-09-17
sg_publikationen	sg_publikationen_BE.2013.43	BE.2013.43	unstamped_disagree	2013-08-27	2013-10-03	regeste_trailer	2013-10-03	True	2013-10-03
sg_publikationen	sg_publikationen_BE.2014.1	BE.2014.1	unstamped_disagree	1981-01-23	2014-06-12	regeste_trailer	2014-06-12	True	2014-06-12
sg_publikationen	sg_publikationen_BE.2014.11	BE.2014.11	unstamped_disagree	2014-02-19	2014-07-21	regeste_trailer	2014-07-21	True	2014-07-21
sg_publikationen	sg_publikationen_BE.2014.27	BE.2014.27	unstamped_disagree	2014-04-03	2014-08-29	regeste_trailer	2014-08-29	True	2014-08-29
sg_publikationen	sg_publikationen_BE.2015.48	BE.2015.48	unstamped_disagree	2012-04-27	2015-11-26	regeste_trailer	2015-11-26	True	2015-11-26
sg_publikationen	sg_publikationen_BE.2016.17	BE.2016.17	unstamped_disagree	2013-10-28	2016-06-20	regeste_trailer	2016-06-20	True	2016-06-20
sg_publikationen	sg_publikationen_BE.2016.32	BE.2016.32	unstamped_disagree	2016-06-10	2017-04-10	regeste_trailer	2017-04-10	True	2017-04-10
sg_publikationen	sg_publikationen_BE.2016.35	BE.2016.35	unstamped_disagree	2016-09-04	2017-02-10	regeste_trailer	2017-02-10	True	2017-02-10
sg_publikationen	sg_publikationen_BE.2016.37	BE.2016.37	unstamped_disagree	2016-10-27	2017-01-24	regeste_trailer	2017-01-24	True	2017-01-24
sg_publikationen	sg_publikationen_BE.2017.30	BE.2017.30	unstamped_disagree	2016-03-01	2018-03-09	regeste_trailer	2018-03-09	True	2018-03-09
sg_publikationen	sg_publikationen_BE.2017.33	BE.2017.33	unstamped_disagree	2015-07-01	2018-06-07	regeste_trailer	2018-06-07	True	2018-06-07
sg_publikationen	sg_publikationen_BE.2017.35	BE.2017.35	unstamped_disagree	2015-11-18	2018-04-25	regeste_trailer	2018-04-25	True	2018-04-25
sg_publikationen	sg_publikationen_BE.2017.36	BE.2017.36	unstamped_disagree	2017-07-04	2018-01-22	regeste_trailer	2018-01-22	True	2018-01-22
sg_publikationen	sg_publikationen_BE.2017.42	BE.2017.42	unstamped_disagree	2017-08-10	2018-04-09	regeste_trailer	2018-04-09	True	2018-04-09
sg_publikationen	sg_publikationen_BE.2017.43	BE.2017.43	unstamped_disagree	2017-07-14	2018-03-14	regeste_trailer	2018-03-14	True	2018-03-14
sg_publikationen	sg_publikationen_BE.2017.6	BE.2017.6	unstamped_disagree	2017-02-13	2017-07-19	regeste_trailer	2017-07-19	True	2017-07-19
sg_publikationen	sg_publikationen_BE.2018.12	BE.2018.12	unstamped_disagree	2017-09-01	2018-06-26	regeste_trailer	2018-06-26	True	2018-06-26
sg_publikationen	sg_publikationen_BE.2018.14	BE.2018.14	unstamped_disagree	2017-10-19	2018-06-07	regeste_trailer	2018-06-07	True	2018-06-07
sg_publikationen	sg_publikationen_BE.2018.15	BE.2018.15	unstamped_disagree	2018-02-01	2018-10-01	regeste_trailer	2018-10-01	True	2018-10-01
sg_publikationen	sg_publikationen_BE.2018.17	BE.2018.17	unstamped_disagree	2015-05-28	2018-11-19	regeste_trailer	2018-11-19	True	2018-11-19
sg_publikationen	sg_publikationen_BE.2018.22	BE.2018.22	unstamped_disagree	2018-05-15	2018-08-28	regeste_trailer	2018-08-28	True	2018-08-28
sg_publikationen	sg_publikationen_BE.2019.39	BE.2019.39	unstamped_disagree	2019-06-24	2019-12-06	regeste_trailer	2019-12-06	True	2019-12-06
sg_publikationen	sg_publikationen_BE.2020.13	BE.2020.13	unstamped_disagree	2011-12-27	2020-11-30	regeste_trailer	2020-11-30	True	2020-11-30
sg_publikationen	sg_publikationen_BE.2021.50_52_55	BE.2021.50/52/55	unstamped_disagree	2021-12-01	2021-12-28	regeste_trailer	2021-12-28	True	2021-12-28
sg_publikationen	sg_publikationen_BE.2022.2	BE.2022.2	unstamped_disagree	2019-10-15	2022-10-19	regeste_trailer	2022-10-19	True	2022-10-19
sg_publikationen	sg_publikationen_BE.2022.32	BE.2022.32	unstamped_disagree	2022-09-08	2022-10-10	regeste_trailer	2022-10-10	True	2022-11-18
sg_publikationen	sg_publikationen_BES.2014.43	BES.2014.43	unstamped_disagree	2014-02-20	2014-08-04	regeste_trailer	2014-08-04	True	2014-08-04
sg_publikationen	sg_publikationen_BES.2016.43	BES.2016.43	unstamped_disagree	2016-02-10	2016-11-28	regeste_trailer	2016-11-28	True	2016-11-28
sg_publikationen	sg_publikationen_BES.2017.17	BES.2017.17	unstamped_disagree	2017-01-25	2017-08-02	regeste_trailer	2017-08-02	True	2017-08-02
sg_publikationen	sg_publikationen_BES.2018.31	BES.2018.31	unstamped_disagree	2015-02-18	2018-10-31	regeste_trailer	2018-10-31	True	2018-10-31
sg_publikationen	sg_publikationen_BES.2021.64	BES.2021.64	unstamped_disagree	2017-09-24	2022-01-10	regeste_trailer	2022-01-10	True	2022-01-10
sg_publikationen	sg_publikationen_BES.2021.74	BES.2021.74	unstamped_disagree	2021-01-07	2021-12-17	regeste_trailer	2021-12-17	True	2021-12-17
sg_publikationen	sg_publikationen_BO.2011.11	BO.2011.11	unstamped_disagree	1990-05-21	2011-08-29	regeste_trailer	2011-08-29	True	2011-08-29
sg_publikationen	sg_publikationen_BO.2012.34	BO.2012.34	unstamped_disagree	2007-09-06	2012-08-07	regeste_trailer	2012-08-07	True	2012-08-07
sg_publikationen	sg_publikationen_BO.2012.77_78	BO.2012.77/78	unstamped_disagree	2011-08-19	2014-10-13	regeste_trailer	2014-10-13	True	2014-10-13
sg_publikationen	sg_publikationen_BO.2012.79	BO.2012.79	unstamped_disagree	2010-10-26	2013-03-20	regeste_trailer	2013-03-20	True	2013-03-20
sg_publikationen	sg_publikationen_BO.2012.80	BO.2012.80	unstamped_disagree	2011-07-11	2013-07-16	regeste_trailer	2013-07-16	True	2013-07-16
sg_publikationen	sg_publikationen_BO.2013.19_ZV.2014.15	BO.2013.19/ZV.2014.15	unstamped_disagree	2013-10-31	2014-02-06	regeste_trailer	2014-02-06	True	2014-02-06
sg_publikationen	sg_publikationen_BO.2013.32	BO.2013.32	unstamped_disagree	2011-09-21	2014-01-13	regeste_trailer	2014-01-13	True	2014-01-13
sg_publikationen	sg_publikationen_BO.2014.29	BO.2014.29	unstamped_disagree	2003-08-15	2015-07-27	regeste_trailer	2015-07-27	True	2015-07-27
sg_publikationen	sg_publikationen_BO.2015.19-21	BO.2015.19-21	unstamped_disagree	2015-01-21	2015-10-26	regeste_trailer	2015-10-26	True	2015-10-26
sg_publikationen	sg_publikationen_BO.2015.34	BO.2015.34	unstamped_disagree	2015-04-24	2018-07-06	regeste_trailer	2018-07-06	True	2018-07-06
sg_publikationen	sg_publikationen_BO.2015.40_41	BO.2015.40/41	unstamped_disagree	2015-04-24	2016-02-08	regeste_trailer	2016-02-08	True	2016-02-08
sg_publikationen	sg_publikationen_BO.2016.10	BO.2016.10	unstamped_disagree	2014-08-28	2016-10-26	regeste_trailer	2016-10-26	True	2016-10-26
sg_publikationen	sg_publikationen_BO.2016.47	BO.2016.47	unstamped_disagree	2013-08-12	2017-06-09	regeste_trailer	2017-06-09	True	2017-06-09
sg_publikationen	sg_publikationen_BO.2016.53	BO.2016.53	unstamped_disagree	1995-03-09	2017-08-30	regeste_trailer	2017-08-30	True	2017-08-30
sg_publikationen	sg_publikationen_BO.2016.71	BO.2016.71	unstamped_disagree	2014-11-25	2017-09-05	regeste_trailer	2017-09-05	True	2017-09-05
sg_publikationen	sg_publikationen_BO.2016.72	BO.2016.72	unstamped_disagree	2015-06-23	2017-10-17	regeste_trailer	2017-10-17	True	2017-10-17
sg_publikationen	sg_publikationen_BO.2016.8	BO.2016.8	unstamped_disagree	2012-12-06	2017-06-08	regeste_trailer	2017-06-08	True	2017-06-08
sg_publikationen	sg_publikationen_BO.2017.11	BO.2017.11	unstamped_disagree	2010-05-31	2018-11-02	regeste_trailer	2018-11-02	True	2018-11-02
sg_publikationen	sg_publikationen_BO.2017.12	BO.2017.12	unstamped_disagree	2013-06-05	2018-01-12	regeste_trailer	2018-01-12	True	2018-01-12
sg_publikationen	sg_publikationen_BO.2017.20	BO.2017.20	unstamped_disagree	2013-04-17	2018-04-10	regeste_trailer	2018-04-10	True	2018-04-10
sg_publikationen	sg_publikationen_BO.2017.21	BO.2017.21	unstamped_disagree	2014-06-27	2018-09-10	regeste_trailer	2018-09-10	True	2018-09-10
sg_publikationen	sg_publikationen_BO.2017.27	BO.2017.27	unstamped_disagree	2016-12-23	2019-01-18	regeste_trailer	2019-01-18	True	2019-01-18
sg_publikationen	sg_publikationen_BO.2017.30	BO.2017.30	unstamped_disagree	2007-10-29	2018-10-02	regeste_trailer	2018-10-02	True	2018-10-02
sg_publikationen	sg_publikationen_BO.2017.36	BO.2017.36	unstamped_disagree	1997-12-23	2019-02-19	regeste_trailer	2019-02-19	True	2019-02-19
sg_publikationen	sg_publikationen_BO.2017.47	BO.2017.47	unstamped_disagree	2015-03-16	2018-08-17	regeste_trailer	2018-08-17	True	2018-08-17
sg_publikationen	sg_publikationen_BO.2017.55	BO.2017.55	unstamped_disagree	2014-02-18	2019-10-24	regeste_trailer	2019-10-24	True	2019-10-24
sg_publikationen	sg_publikationen_BO.2018.14	BO.2018.14	unstamped_disagree	2012-08-27	2019-03-27	regeste_trailer	2019-03-27	True	2019-03-27
sg_publikationen	sg_publikationen_BO.2018.40	BO.2018.40	unstamped_disagree	2007-12-01	2019-06-24	regeste_trailer	2019-06-24	True	2019-06-24
sg_publikationen	sg_publikationen_BO.2018.41	BO.2018.41	unstamped_disagree	2013-07-10	2019-05-22	regeste_trailer	2019-05-22	True	2019-05-22
sg_publikationen	sg_publikationen_BO.2018.43	BO.2018.43	unstamped_disagree	2002-09-04	2021-02-08	regeste_trailer	2021-02-08	True	2021-02-08
sg_publikationen	sg_publikationen_BO.2019.16	BO.2019.16	unstamped_disagree	2018-10-04	2020-06-02	regeste_trailer	2020-06-02	True	2020-06-02
sg_publikationen	sg_publikationen_BO.2019.20	BO.2019.20	unstamped_disagree	2019-02-05	2020-09-09	regeste_trailer	2020-09-09	True	2020-09-09
sg_publikationen	sg_publikationen_BO.2019.24	BO.2019.24	unstamped_disagree	2018-06-26	2021-06-22	regeste_trailer	2021-06-22	True	2021-06-22
sg_publikationen	sg_publikationen_BO.2019.37	BO.2019.37	unstamped_disagree	2019-06-11	2021-04-30	regeste_trailer	2021-04-30	True	2021-04-30
sg_publikationen	sg_publikationen_BO.2020.31	BO.2020.31	unstamped_disagree	2019-05-16	2021-10-27	regeste_trailer	2021-10-27	True	2021-10-27
sg_publikationen	sg_publikationen_BO.2020.51	BO.2020.51	unstamped_disagree	2017-01-01	2022-05-27	regeste_trailer	2022-05-27	True	2022-05-27
sg_publikationen	sg_publikationen_BO.2020.52	BO.2020.52	unstamped_disagree	2016-11-01	2022-05-31	regeste_trailer	2022-05-31	True	2022-05-31
sg_publikationen	sg_publikationen_BO.2020.54	BO.2020.54	unstamped_disagree	2014-02-01	2022-05-25	regeste_trailer	2022-05-25	True	2022-05-25
sg_publikationen	sg_publikationen_BO.2020.55	BO.2020.55	unstamped_disagree	2014-02-17	2022-05-31	regeste_trailer	2022-05-31	True	2022-05-31
sg_publikationen	sg_publikationen_BO.2021.11	BO.2021.11	unstamped_disagree	2020-08-14	2022-04-05	regeste_trailer	2022-04-05	True	2022-04-05
sg_publikationen	sg_publikationen_BO.2021.3	BO.2021.3	unstamped_disagree	2008-06-01	2022-03-02	regeste_trailer	2022-03-02	True	2022-03-02
sg_publikationen	sg_publikationen_BO.2021.5	BO.2021.5	unstamped_disagree	2019-12-23	2021-09-16	regeste_trailer	2021-09-16	True	2021-09-16
sg_publikationen	sg_publikationen_BO.2023.8-K3	BO.2023.8-K3	unstamped_disagree	2015-03-23	2024-03-22	regeste_trailer	2024-03-22	True	2024-03-22
sg_publikationen	sg_publikationen_BR.2004.3	BR.2004.3	unstamped_disagree	2004-03-24	2004-11-24	regeste_trailer	2004-11-24	True	2004-11-24
sg_publikationen	sg_publikationen_BR.2005.1	BR.2005.1	unstamped_disagree	2004-12-08	2005-04-28	regeste_trailer	2005-04-28	True	2005-04-28
sg_publikationen	sg_publikationen_BR.2006.1	BR.2006.1	unstamped_disagree	2006-03-06	2006-09-07	regeste_trailer	2006-09-07	True	2006-09-07
sg_publikationen	sg_publikationen_BR.2006.2	BR.2006.2	unstamped_disagree	2006-02-01	2006-12-14	regeste_trailer	2006-12-14	True	2006-12-14
sg_publikationen	sg_publikationen_BR.2008.3	BR.2008.3	unstamped_disagree	2007-06-29	2009-11-16	regeste_trailer	2009-11-16	True	2009-11-16
sg_publikationen	sg_publikationen_BR.2009.1	BR.2009.1	unstamped_disagree	2009-06-03	2010-01-19	regeste_trailer	2010-01-19	True	2010-01-19
sg_publikationen	sg_publikationen_BR.2010.1	BR.2010.1	unstamped_disagree	2008-10-01	2010-06-25	regeste_trailer	2010-06-25	True	2010-06-25
sg_publikationen	sg_publikationen_BR.2010.2	BR.2010.2	unstamped_disagree	2010-07-28	2011-01-18	regeste_trailer	2011-01-18	True	2011-01-18
sg_publikationen	sg_publikationen_BR.2015.1	BR.2015.1	unstamped_disagree	2015-10-06	2016-02-19	regeste_trailer	2016-02-19	True	2016-02-19
sg_publikationen	sg_publikationen_BS.2011.5	BS.2011.5	unstamped_disagree	2009-11-11	2011-03-29	regeste_trailer	2011-03-29	True	2011-03-29
sg_publikationen	sg_publikationen_BS.2012.1	BS.2012.1	unstamped_disagree	1999-06-20	2012-04-11	regeste_trailer	2012-04-11	True	2012-04-11
sg_publikationen	sg_publikationen_BS.2012.5	BS.2012.5	unstamped_disagree	1970-03-20	2012-04-05	regeste_trailer	2012-04-05	True	2012-04-05
sg_publikationen	sg_publikationen_BS.2012.6	BS.2012.6	unstamped_disagree	2010-11-01	2012-02-15	regeste_trailer	2012-02-15	True	2012-02-15
sg_publikationen	sg_publikationen_BS.2014.9_10	BS.2014.9/10	unstamped_disagree	2013-07-02	2014-09-09	regeste_trailer	2014-09-09	True	2014-09-09
sg_publikationen	sg_publikationen_BS.2015.6	BS.2015.6	unstamped_disagree	2015-05-07	2015-11-19	regeste_trailer	2015-11-19	True	2015-11-19
sg_publikationen	sg_publikationen_BS.2020.5	BS.2020.5	unstamped_disagree	2019-07-31	2020-07-16	regeste_trailer	2020-07-16	True	2020-07-16
sg_publikationen	sg_publikationen_BS.2021.6	BS.2021.6	unstamped_disagree	2020-12-23	2021-08-10	regeste_trailer	2021-08-10	True	2021-08-10
sg_publikationen	sg_publikationen_BZ. 2007.65	BZ. 2007.65	unstamped_disagree	2000-12-01	2008-01-03	regeste_trailer	2008-01-03	True	2008-01-03
sg_publikationen	sg_publikationen_BZ.2000.99	BZ.2000.99	unstamped_disagree	1986-07-22	2004-07-01	regeste_trailer	2004-07-01	True	2004-07-01
sg_publikationen	sg_publikationen_BZ.2001.95	BZ.2001.95	unstamped_disagree	1998-09-14	2004-04-27	regeste_trailer	2004-04-27	True	2004-04-27
sg_publikationen	sg_publikationen_BZ.2002.44	BZ.2002.44	unstamped_disagree	1999-05-13	2005-02-23	regeste_trailer	2005-02-23	True	2005-02-23
sg_publikationen	sg_publikationen_BZ.2003.60	BZ.2003.60	unstamped_disagree	2001-05-28	2004-12-01	regeste_trailer	2004-12-01	True	2004-12-01
sg_publikationen	sg_publikationen_BZ.2003.73	BZ.2003.73	unstamped_disagree	2000-12-05	2004-10-20	regeste_trailer	2004-10-20	True	2004-10-20
sg_publikationen	sg_publikationen_BZ.2003.85	BZ.2003.85	unstamped_disagree	1989-09-01	2004-09-10	regeste_trailer	2004-09-10	True	2004-09-10
sg_publikationen	sg_publikationen_BZ.2003.98	BZ.2003.98	unstamped_disagree	2001-10-14	2004-10-01	regeste_trailer	2004-10-01	True	2004-10-01
sg_publikationen	sg_publikationen_BZ.2004.108	BZ.2004.108	unstamped_disagree	2004-08-24	2005-05-04	regeste_trailer	2005-05-04	True	2005-05-04
sg_publikationen	sg_publikationen_BZ.2004.12	BZ.2004.12	unstamped_disagree	2001-09-01	2004-10-21	regeste_trailer	2004-10-21	True	2004-10-21
sg_publikationen	sg_publikationen_BZ.2004.16	BZ.2004.16	unstamped_disagree	2001-06-28	2004-06-02	regeste_trailer	2004-06-02	True	2004-06-02
sg_publikationen	sg_publikationen_BZ.2004.23	BZ.2004.23	unstamped_disagree	2003-10-30	2004-09-27	regeste_trailer	2004-09-27	True	2004-09-27
sg_publikationen	sg_publikationen_BZ.2004.24	BZ.2004.24	unstamped_disagree	2004-01-08	2004-11-18	regeste_trailer	2004-11-18	True	2004-11-18
sg_publikationen	sg_publikationen_BZ.2004.32	BZ.2004.32	unstamped_disagree	2003-06-01	2004-08-30	regeste_trailer	2004-08-30	True	2004-08-30
sg_publikationen	sg_publikationen_BZ.2004.33	BZ.2004.33	unstamped_disagree	2002-05-01	2004-04-22	regeste_trailer	2004-04-22	True	2004-04-22
sg_publikationen	sg_publikationen_BZ.2004.35	BZ.2004.35	unstamped_disagree	2003-03-28	2005-01-11	regeste_trailer	2005-01-11	True	2005-01-11
sg_publikationen	sg_publikationen_BZ.2004.38	BZ.2004.38	unstamped_disagree	2001-07-03	2004-11-04	regeste_trailer	2004-11-04	True	2004-11-04
sg_publikationen	sg_publikationen_BZ.2004.40	BZ.2004.40	unstamped_disagree	2004-01-23	2006-01-04	regeste_trailer	2006-01-04	True	2006-01-04
sg_publikationen	sg_publikationen_BZ.2004.43	BZ.2004.43	unstamped_disagree	2004-05-06	2005-05-12	regeste_trailer	2005-05-12	True	2005-05-12
sg_publikationen	sg_publikationen_BZ.2004.47	BZ.2004.47	unstamped_disagree	2002-07-01	2005-01-06	regeste_trailer	2005-01-06	True	2005-01-06
sg_publikationen	sg_publikationen_BZ.2004.54	BZ.2004.54	unstamped_disagree	2001-06-02	2005-01-04	regeste_trailer	2005-01-04	True	2005-01-04
sg_publikationen	sg_publikationen_BZ.2004.61	BZ.2004.61	unstamped_disagree	2002-09-23	2005-02-28	regeste_trailer	2005-02-28	True	2005-02-28
sg_publikationen	sg_publikationen_BZ.2004.64	BZ.2004.64	unstamped_disagree	2003-10-01	2004-12-20	regeste_trailer	2004-12-20	True	2004-12-20
sg_publikationen	sg_publikationen_BZ.2004.80	BZ.2004.80	unstamped_disagree	2001-03-14	2005-01-26	regeste_trailer	2005-01-26	True	2005-01-26
sg_publikationen	sg_publikationen_BZ.2004.85	BZ.2004.85	unstamped_disagree	1990-10-04	2007-11-16	regeste_trailer	2007-11-16	True	2008-09-10
sg_publikationen	sg_publikationen_BZ.2004.86	BZ.2004.86	unstamped_disagree	1995-06-10	2005-02-24	regeste_trailer	2005-02-24	True	2005-02-24
sg_publikationen	sg_publikationen_BZ.2004.91	BZ.2004.91	unstamped_disagree	2002-01-16	2005-06-24	regeste_trailer	2005-06-24	True	2005-06-24
sg_publikationen	sg_publikationen_BZ.2005.117	BZ.2005.117	unstamped_disagree	1999-06-24	2007-04-05	regeste_trailer	2007-04-05	True	2007-04-05
sg_publikationen	sg_publikationen_BZ.2005.118	BZ.2005.118	unstamped_disagree	2002-12-31	2006-11-13	regeste_trailer	2006-11-13	True	2006-11-13
sg_publikationen	sg_publikationen_BZ.2005.5	BZ.2005.5	unstamped_disagree	1989-01-27	2005-06-15	regeste_trailer	2005-06-15	True	2005-06-15
sg_publikationen	sg_publikationen_BZ.2005.71	BZ.2005.71	unstamped_disagree	2004-04-20	2006-03-13	regeste_trailer	2006-03-13	True	2006-03-13
sg_publikationen	sg_publikationen_BZ.2005.9	BZ.2005.9	unstamped_disagree	1999-08-16	2005-07-20	regeste_trailer	2005-07-20	True	2005-07-20
sg_publikationen	sg_publikationen_BZ.2005.96	BZ.2005.96	unstamped_disagree	2001-01-21	2005-12-07	regeste_trailer	2005-12-07	True	2005-12-07
sg_publikationen	sg_publikationen_BZ.2005.98	BZ.2005.98	unstamped_disagree	2004-01-26	2006-01-20	regeste_trailer	2006-01-20	True	2006-01-20
sg_publikationen	sg_publikationen_BZ.2005.99	BZ.2005.99	unstamped_disagree	1990-06-01	2006-11-24	regeste_trailer	2006-11-24	True	2006-11-24
sg_publikationen	sg_publikationen_BZ.2006.100	BZ.2006.100	unstamped_disagree	2005-02-23	2007-06-11	regeste_trailer	2007-06-11	True	2007-06-11
sg_publikationen	sg_publikationen_BZ.2006.103	BZ.2006.103	unstamped_disagree	2005-09-13	2007-07-23	regeste_trailer	2007-07-23	True	2007-07-23
sg_publikationen	sg_publikationen_BZ.2006.15	BZ.2006.15	unstamped_disagree	2000-07-20	2006-09-11	regeste_trailer	2006-09-11	True	2006-09-11
sg_publikationen	sg_publikationen_BZ.2006.30	BZ.2006.30	unstamped_disagree	2006-01-27	2007-05-25	regeste_trailer	2007-05-25	True	2007-05-25
sg_publikationen	sg_publikationen_BZ.2006.39	BZ.2006.39	unstamped_disagree	2005-08-11	2006-08-11	regeste_trailer	2006-08-11	True	2006-08-11
sg_publikationen	sg_publikationen_BZ.2006.41	BZ.2006.41	unstamped_disagree	2005-05-17	2006-11-04	regeste_trailer	2006-11-04	True	2006-11-04
sg_publikationen	sg_publikationen_BZ.2006.43	BZ.2006.43	unstamped_disagree	2006-03-07	2006-12-13	regeste_trailer	2006-12-13	True	2006-12-13
sg_publikationen	sg_publikationen_BZ.2006.44	BZ.2006.44	unstamped_disagree	2001-03-19	2006-12-14	regeste_trailer	2006-12-14	True	2006-12-14
sg_publikationen	sg_publikationen_BZ.2006.48	BZ.2006.48	unstamped_disagree	2005-04-22	2007-06-18	regeste_trailer	2007-06-18	True	2007-06-18
sg_publikationen	sg_publikationen_BZ.2006.53	BZ.2006.53	unstamped_disagree	1999-09-22	2007-06-08	regeste_trailer	2007-06-08	True	2007-06-08
sg_publikationen	sg_publikationen_BZ.2006.54	BZ.2006.54	unstamped_disagree	1995-04-21	2007-10-17	regeste_trailer	2007-10-17	True	2007-10-17
sg_publikationen	sg_publikationen_BZ.2006.68	BZ.2006.68	unstamped_disagree	2000-05-29	2007-10-30	regeste_trailer	2007-10-30	True	2007-10-30
sg_publikationen	sg_publikationen_BZ.2006.70	BZ.2006.70	unstamped_disagree	1991-03-03	2007-04-10	regeste_trailer	2007-04-10	True	2007-04-10
sg_publikationen	sg_publikationen_BZ.2006.73	BZ.2006.73	unstamped_disagree	1992-09-30	2007-05-11	regeste_trailer	2007-05-11	True	2007-05-11
sg_publikationen	sg_publikationen_BZ.2006.74	BZ.2006.74	unstamped_disagree	2005-08-02	2007-04-26	regeste_trailer	2007-04-26	True	2007-04-26
sg_publikationen	sg_publikationen_BZ.2006.76	BZ.2006.76	unstamped_disagree	1999-08-01	2007-05-08	regeste_trailer	2007-05-08	True	2007-05-08
sg_publikationen	sg_publikationen_BZ.2006.86	BZ.2006.86	unstamped_disagree	2003-12-19	2007-04-18	regeste_trailer	2007-04-18	True	2007-04-18
sg_publikationen	sg_publikationen_BZ.2006.90	BZ.2006.90	unstamped_disagree	1995-07-30	2008-02-11	regeste_trailer	2008-02-11	True	2008-02-11
sg_publikationen	sg_publikationen_BZ.2006.93	BZ.2006.93	unstamped_disagree	1995-10-09	2008-05-06	regeste_trailer	2008-05-06	True	2008-05-06
sg_publikationen	sg_publikationen_BZ.2006.94	BZ.2006.94	unstamped_disagree	2005-06-20	2008-05-30	regeste_trailer	2008-05-30	True	2008-05-30
sg_publikationen	sg_publikationen_BZ.2006.96	BZ.2006.96	unstamped_disagree	2006-09-14	2007-06-29	regeste_trailer	2007-06-29	True	2007-06-29
sg_publikationen	sg_publikationen_BZ.2007.1	BZ.2007.1	unstamped_disagree	2006-05-01	2007-08-21	regeste_trailer	2007-08-21	True	2007-08-21
sg_publikationen	sg_publikationen_BZ.2007.20	BZ.2007.20	unstamped_disagree	2004-02-03	2007-09-06	regeste_trailer	2007-09-06	True	2007-09-06
sg_publikationen	sg_publikationen_BZ.2007.23	BZ.2007.23	unstamped_disagree	2001-04-26	2007-08-08	regeste_trailer	2007-08-08	True	2007-08-08
sg_publikationen	sg_publikationen_BZ.2007.24	BZ.2007.24	unstamped_disagree	2006-08-25	2007-05-24	regeste_trailer	2007-05-24	True	2007-05-24
sg_publikationen	sg_publikationen_BZ.2007.25	BZ.2007.25	unstamped_disagree	2005-06-02	2007-08-17	regeste_trailer	2007-08-17	True	2008-04-23
sg_publikationen	sg_publikationen_BZ.2007.37	BZ.2007.37	unstamped_disagree	2000-04-26	2007-10-29	regeste_trailer	2007-10-29	True	2007-10-29
sg_publikationen	sg_publikationen_BZ.2007.39	BZ.2007.39	unstamped_disagree	2001-11-06	2007-07-31	regeste_trailer	2007-07-31	True	2007-07-31
sg_publikationen	sg_publikationen_BZ.2007.43	BZ.2007.43	unstamped_disagree	2007-02-12	2007-07-11	regeste_trailer	2007-07-11	True	2007-07-11
sg_publikationen	sg_publikationen_BZ.2007.45	BZ.2007.45	unstamped_disagree	2007-02-22	2007-12-03	regeste_trailer	2007-12-03	True	2007-12-03
sg_publikationen	sg_publikationen_BZ.2007.55	BZ.2007.55	unstamped_disagree	2004-10-27	2008-05-13	regeste_trailer	2008-05-13	True	2008-05-13
sg_publikationen	sg_publikationen_BZ.2007.56	BZ.2007.56	unstamped_disagree	2004-10-22	2008-07-16	regeste_trailer	2008-07-16	True	2008-07-16
sg_publikationen	sg_publikationen_BZ.2007.6	BZ.2007.6	unstamped_disagree	2002-09-13	2009-03-31	regeste_trailer	2009-03-31	True	2009-03-31
sg_publikationen	sg_publikationen_BZ.2007.61	BZ.2007.61	unstamped_disagree	1983-04-21	2008-04-07	regeste_trailer	2008-04-07	True	2008-04-07
sg_publikationen	sg_publikationen_BZ.2007.62	BZ.2007.62	unstamped_disagree	2006-02-07	2008-02-19	regeste_trailer	2008-02-19	True	2008-02-19
sg_publikationen	sg_publikationen_BZ.2007.67	BZ.2007.67	unstamped_disagree	1998-02-01	2008-03-19	regeste_trailer	2008-03-19	True	2008-03-19
sg_publikationen	sg_publikationen_BZ.2007.68	BZ.2007.68	unstamped_disagree	2007-05-14	2008-02-13	regeste_trailer	2008-02-13	True	2008-02-13
sg_publikationen	sg_publikationen_BZ.2007.7	BZ.2007.7	unstamped_disagree	2005-05-01	2007-05-23	regeste_trailer	2007-05-23	True	2007-05-23
sg_publikationen	sg_publikationen_BZ.2007.70	BZ.2007.70	unstamped_disagree	2005-03-21	2008-04-07	regeste_trailer	2008-04-07	True	2008-09-10
sg_publikationen	sg_publikationen_BZ.2007.72	BZ.2007.72	unstamped_disagree	2004-07-12	2008-02-07	regeste_trailer	2008-02-07	True	2008-02-07
sg_publikationen	sg_publikationen_BZ.2007.77	BZ.2007.77	unstamped_disagree	2000-01-06	2008-04-08	regeste_trailer	2008-04-08	True	2008-04-08
sg_publikationen	sg_publikationen_BZ.2007.8	BZ.2007.8	unstamped_disagree	1988-12-17	2008-08-27	regeste_trailer	2008-08-27	True	2008-08-27
sg_publikationen	sg_publikationen_BZ.2007.88	BZ.2007.88	unstamped_disagree	2008-01-11	2008-02-13	regeste_trailer	2008-02-13	True	2008-02-13
sg_publikationen	sg_publikationen_BZ.2008.10	BZ.2008.10	unstamped_disagree	2005-07-05	2008-06-18	regeste_trailer	2008-06-18	True	2009-01-22
sg_publikationen	sg_publikationen_BZ.2008.12	BZ.2008.12	unstamped_disagree	1989-03-29	2008-09-22	regeste_trailer	2008-09-22	True	2008-09-22
sg_publikationen	sg_publikationen_BZ.2008.13	BZ.2008.13	unstamped_disagree	2006-03-01	2008-06-19	regeste_trailer	2008-06-19	True	2008-06-19
sg_publikationen	sg_publikationen_BZ.2008.14	BZ.2008.14	unstamped_disagree	2006-02-27	2008-06-25	regeste_trailer	2008-06-25	True	2008-06-25
sg_publikationen	sg_publikationen_BZ.2008.16	BZ.2008.16	unstamped_disagree	2007-10-05	2009-01-20	regeste_trailer	2009-01-20	True	2009-01-20
sg_publikationen	sg_publikationen_BZ.2008.17	BZ.2008.17	unstamped_disagree	1991-01-01	2009-06-19	regeste_trailer	2009-06-19	True	2009-06-19
sg_publikationen	sg_publikationen_BZ.2008.22	BZ.2008.22	unstamped_disagree	2005-01-27	2008-09-18	regeste_trailer	2008-09-18	True	2008-09-18
sg_publikationen	sg_publikationen_BZ.2008.30	BZ.2008.30	unstamped_disagree	1998-08-04	2008-10-21	regeste_trailer	2008-10-21	True	2008-10-21
sg_publikationen	sg_publikationen_BZ.2008.38	BZ.2008.38	unstamped_disagree	2004-01-12	2009-03-11	regeste_trailer	2009-03-11	True	2009-03-11
sg_publikationen	sg_publikationen_BZ.2008.40	BZ.2008.40	unstamped_disagree	2006-05-01	2008-09-22	regeste_trailer	2008-09-22	True	2008-09-22
sg_publikationen	sg_publikationen_BZ.2008.41	BZ.2008.41	unstamped_disagree	2002-07-05	2009-04-07	regeste_trailer	2009-04-07	True	2009-04-07
sg_publikationen	sg_publikationen_BZ.2008.62	BZ.2008.62	unstamped_disagree	2003-11-24	2009-01-27	regeste_trailer	2009-01-27	True	2009-01-27
sg_publikationen	sg_publikationen_BZ.2008.7	BZ.2008.7	unstamped_disagree	1994-12-07	2008-10-08	regeste_trailer	2008-10-08	True	2009-05-13
sg_publikationen	sg_publikationen_BZ.2009.101	BZ.2009.101	unstamped_disagree	2004-01-01	2010-03-22	regeste_trailer	2010-03-22	True	2010-03-22
sg_publikationen	sg_publikationen_BZ.2009.104	BZ.2009.104	unstamped_disagree	2002-11-21	2010-05-03	regeste_trailer	2010-05-03	True	2010-05-03
sg_publikationen	sg_publikationen_BZ.2009.14	BZ.2009.14	unstamped_disagree	2001-07-28	2009-06-17	regeste_trailer	2009-06-17	True	2009-06-17
sg_publikationen	sg_publikationen_BZ.2009.15	BZ.2009.15	unstamped_disagree	1998-02-09	2009-04-08	regeste_trailer	2009-04-08	True	2009-04-08
sg_publikationen	sg_publikationen_BZ.2009.17	BZ.2009.17	unstamped_disagree	1999-10-26	2009-07-24	regeste_trailer	2009-07-24	True	2009-07-24
sg_publikationen	sg_publikationen_BZ.2009.20	BZ.2009.20	unstamped_disagree	2007-02-22	2009-07-20	regeste_trailer	2009-07-20	True	2009-07-20
sg_publikationen	sg_publikationen_BZ.2009.27	BZ.2009.27	unstamped_disagree	2002-03-28	2011-05-09	regeste_trailer	2011-05-09	True	2011-05-09
sg_publikationen	sg_publikationen_BZ.2009.3	BZ.2009.3	unstamped_disagree	2008-03-12	2009-03-20	regeste_trailer	2009-03-20	True	2009-03-20
sg_publikationen	sg_publikationen_BZ.2009.31	BZ.2009.31	unstamped_disagree	2004-01-01	2009-07-20	regeste_trailer	2009-07-20	True	2009-07-20
sg_publikationen	sg_publikationen_BZ.2009.35	BZ.2009.35	unstamped_disagree	2009-04-09	2009-08-11	regeste_trailer	2009-08-11	True	2009-08-11
sg_publikationen	sg_publikationen_BZ.2009.36	BZ.2009.36	unstamped_disagree	2005-01-25	2009-10-26	regeste_trailer	2009-10-26	True	2009-10-26
sg_publikationen	sg_publikationen_BZ.2009.64	BZ.2009.64	unstamped_disagree	1991-06-01	2009-12-15	regeste_trailer	2009-12-15	True	2009-12-15
sg_publikationen	sg_publikationen_BZ.2009.73	BZ.2009.73	unstamped_disagree	2005-11-01	2010-01-04	regeste_trailer	2010-01-04	True	2010-01-04
sg_publikationen	sg_publikationen_BZ.2009.84	BZ.2009.84	unstamped_disagree	1997-05-28	2010-03-08	regeste_trailer	2010-03-08	True	2010-03-08
sg_publikationen	sg_publikationen_BZ.2009.86	BZ.2009.86	unstamped_disagree	2009-09-14	2010-02-17	regeste_trailer	2010-02-17	True	2010-02-17
sg_publikationen	sg_publikationen_BZ.2009.95	BZ.2009.95	unstamped_disagree	2009-01-15	2010-03-25	regeste_trailer	2010-03-25	True	2010-03-25
sg_publikationen	sg_publikationen_BZ.2010.32	BZ.2010.32	unstamped_disagree	2007-10-05	2011-04-21	regeste_trailer	2011-04-21	True	2011-04-21
sg_publikationen	sg_publikationen_BZ.2010.4	BZ.2010.4	unstamped_disagree	2008-02-18	2010-12-16	regeste_trailer	2010-12-16	True	2010-12-16
sg_publikationen	sg_publikationen_BZ.2010.41	BZ.2010.41	unstamped_disagree	2007-03-05	2011-08-16	regeste_trailer	2011-08-16	True	2011-08-16
sg_publikationen	sg_publikationen_BZ.2010.53	BZ.2010.53	unstamped_disagree	2000-07-01	2011-04-28	regeste_trailer	2011-04-28	True	2011-04-28
sg_publikationen	sg_publikationen_BZ.2010.7	BZ.2010.7	unstamped_disagree	1996-08-21	2010-12-23	regeste_trailer	2010-12-23	True	2010-12-23
sg_publikationen	sg_publikationen_DZ.2002.3	DZ.2002.3	unstamped_disagree	2003-11-18	2005-05-24	regeste_trailer	2005-05-24	True	2005-05-24
sg_publikationen	sg_publikationen_DZ.2009.3	DZ.2009.3	unstamped_disagree	2009-04-20	2011-05-18	regeste_trailer	2011-05-18	True	2010-01-11
sg_publikationen	sg_publikationen_FE.2012.24	FE.2012.24	unstamped_disagree	2011-10-18	2012-09-10	regeste_trailer	2012-09-10	True	2012-09-10
sg_publikationen	sg_publikationen_FE.2020.8	FE.2020.8	unstamped_disagree	2019-06-26	2020-09-02	regeste_trailer	2020-09-02	True	2020-09-02
sg_publikationen	sg_publikationen_FE.2022.2-4-EZE2	FE.2022.2-4-EZE2	unstamped_disagree	2009-02-20	2022-08-19	regeste_trailer	2022-08-19	True	2022-08-19
sg_publikationen	sg_publikationen_FO.2011.57	FO.2011.57	unstamped_disagree	2009-03-26	2012-10-04	regeste_trailer	2012-10-04	True	2012-10-04
sg_publikationen	sg_publikationen_FO.2012.39	FO.2012.39	unstamped_disagree	2012-07-06	2013-01-17	regeste_trailer	2013-01-17	True	2013-01-17
sg_publikationen	sg_publikationen_FO.2014.23	FO.2014.23	unstamped_disagree	2016-01-21	2016-10-18	regeste_trailer	2016-10-18	True	2016-10-18
sg_publikationen	sg_publikationen_FO.2015.14	FO.2015.14	unstamped_disagree	2013-10-09	2015-10-16	regeste_trailer	2015-10-16	True	2015-10-16
sg_publikationen	sg_publikationen_FO.2015.18	FO.2015.18	unstamped_disagree	2010-11-09	2017-05-24	regeste_trailer	2017-05-24	True	2017-05-24
sg_publikationen	sg_publikationen_FO.2015.18_2	FO.2015.18/2	unstamped_disagree	2017-01-01	2017-05-24	regeste_trailer	2017-05-24	True	2017-05-24
sg_publikationen	sg_publikationen_FO.2015.24	FO.2015.24	unstamped_disagree	2015-05-12	2016-12-20	regeste_trailer	2016-12-20	True	2016-12-20
sg_publikationen	sg_publikationen_FO.2016.7	FO.2016.7	unstamped_disagree	1999-01-20	2017-01-24	regeste_trailer	2017-01-24	True	2017-01-24
sg_publikationen	sg_publikationen_FO.2017.17	FO.2017.17	unstamped_disagree	2017-01-01	2018-09-26	regeste_trailer	2018-09-26	True	2018-09-26
sg_publikationen	sg_publikationen_FO.2017.19	FO.2017.19	unstamped_disagree	2017-11-21	2018-07-02	regeste_trailer	2018-07-02	True	2018-07-02
sg_publikationen	sg_publikationen_FO.2017.3	FO.2017.3	unstamped_disagree	2015-06-18	2019-11-21	regeste_trailer	2019-11-21	True	2019-11-21
sg_publikationen	sg_publikationen_FO.2017.6_1	FO.2017.6/1	unstamped_disagree	2017-01-10	2019-03-19	regeste_trailer	2019-03-19	True	2019-03-19
sg_publikationen	sg_publikationen_FO.2017.6_3	FO.2017.6/3	unstamped_disagree	2016-03-20	2019-03-19	regeste_trailer	2019-03-19	True	2019-03-19
sg_publikationen	sg_publikationen_FO.2020.2-K2	FO.2020.2-K2	unstamped_disagree	2012-07-02	2020-11-20	regeste_trailer	2020-11-20	True	2020-11-20
sg_publikationen	sg_publikationen_FS.2011.43	FS.2011.43	unstamped_disagree	2011-08-30	2012-01-06	regeste_trailer	2012-01-06	True	2012-01-06
sg_publikationen	sg_publikationen_FS.2012.1	FS.2012.1	unstamped_disagree	2011-11-24	2012-03-29	regeste_trailer	2012-03-29	True	2012-03-29
sg_publikationen	sg_publikationen_FS.2013.31	FS.2013.31	unstamped_disagree	2013-01-22	2014-02-07	regeste_trailer	2014-02-07	True	2014-02-07
sg_publikationen	sg_publikationen_FS.2014.25	FS.2014.25	unstamped_disagree	1995-10-15	2015-03-12	regeste_trailer	2015-03-12	True	2015-03-12
sg_publikationen	sg_publikationen_FS.2014.32	FS.2014.32	unstamped_disagree	2013-06-20	2015-03-12	regeste_trailer	2015-03-12	True	2015-03-12
sg_publikationen	sg_publikationen_FS.2015.27	FS.2015.27	unstamped_disagree	2014-06-17	2016-06-21	regeste_trailer	2016-06-21	True	2016-06-21
sg_publikationen	sg_publikationen_FS.2018.12	FS.2018.12	unstamped_disagree	2017-10-09	2018-12-19	regeste_trailer	2018-12-19	True	2018-12-19
sg_publikationen	sg_publikationen_FS.2018.31	FS.2018.31	unstamped_disagree	2018-05-01	2019-12-12	regeste_trailer	2019-12-12	True	2019-12-12
sg_publikationen	sg_publikationen_FS.2018.34	FS.2018.34	unstamped_disagree	2017-10-11	2019-11-06	regeste_trailer	2019-11-06	True	2019-11-06
sg_publikationen	sg_publikationen_FS.2018.35	FS.2018.35	unstamped_disagree	2018-08-01	2019-09-20	regeste_trailer	2019-09-20	True	2019-09-20
sg_publikationen	sg_publikationen_FS.2019.10	FS.2019.10	unstamped_disagree	2018-12-22	2020-03-27	regeste_trailer	2020-03-27	True	2020-03-27
sg_publikationen	sg_publikationen_FS.2019.14_15-EZE2	FS.2019.14/15-EZE2	unstamped_disagree	2018-03-20	2021-04-07	regeste_trailer	2021-04-07	True	2021-04-07
sg_publikationen	sg_publikationen_FS.2019.19	FS.2019.19	unstamped_disagree	2019-05-15	2020-04-16	regeste_trailer	2020-04-16	True	2020-04-16
sg_publikationen	sg_publikationen_FS.2019.27-EZE2	FS.2019.27-EZE2	unstamped_disagree	2021-08-24	2021-12-09	regeste_trailer	2021-12-09	True	2021-12-09
sg_publikationen	sg_publikationen_FS.2020.15	FS.2020.15	unstamped_disagree	2018-03-12	2020-10-29	regeste_trailer	2020-10-29	True	2020-10-29
sg_publikationen	sg_publikationen_FS.2020.16-EZE2	FS.2020.16-EZE2	unstamped_disagree	2020-03-16	2021-01-04	regeste_trailer	2021-01-04	True	2021-01-04
sg_publikationen	sg_publikationen_FS.2020.18-EZE2	FS.2020.18-EZE2	unstamped_disagree	2006-02-24	2020-09-16	regeste_trailer	2020-09-16	True	2020-09-16
sg_publikationen	sg_publikationen_FS.2020.19-EZE2	FS.2020.19-EZE2	unstamped_disagree	2020-05-20	2022-04-08	regeste_trailer	2022-04-08	True	2022-04-08
sg_publikationen	sg_publikationen_FS.2020.21_23-EZE2	FS.2020.21/23-EZE2	unstamped_disagree	2018-11-13	2021-04-26	regeste_trailer	2021-04-26	True	2021-04-26
sg_publikationen	sg_publikationen_FS.2020.29-EZE2	FS.2020.29-EZE2	unstamped_disagree	2019-12-20	2021-09-09	regeste_trailer	2021-09-09	True	2021-09-09
sg_publikationen	sg_publikationen_FS.2020.36-EZE2	FS.2020.36-EZE2	unstamped_disagree	2020-01-10	2022-09-20	regeste_trailer	2022-09-20	True	2022-09-20
sg_publikationen	sg_publikationen_HG.2008.104	HG.2008.104	unstamped_disagree	2008-07-29	2009-01-06	regeste_trailer	2009-01-06	True	2009-01-06
sg_publikationen	sg_publikationen_HG.2008.127	HG.2008.127	unstamped_disagree	2008-09-23	2010-03-23	regeste_trailer	2010-03-23	True	2010-03-23
sg_publikationen	sg_publikationen_HG.2008.183	HG.2008.183	unstamped_disagree	2007-12-06	2009-01-16	regeste_trailer	2009-01-16	True	2009-01-16
sg_publikationen	sg_publikationen_HG.2008.56	HG.2008.56	unstamped_disagree	2005-10-10	2010-06-28	regeste_trailer	2010-06-28	True	2010-06-28
sg_publikationen	sg_publikationen_HG.2009.113	HG.2009.113	unstamped_disagree	2008-12-04	2010-12-07	regeste_trailer	2010-12-07	True	2010-12-07
sg_publikationen	sg_publikationen_HG.2009.176	HG.2009.176	unstamped_disagree	2008-03-10	2010-02-22	regeste_trailer	2010-02-22	True	2010-02-22
sg_publikationen	sg_publikationen_HG.2009.220	HG.2009.220	unstamped_disagree	2009-06-29	2011-03-02	regeste_trailer	2011-03-02	True	2011-03-02
sg_publikationen	sg_publikationen_HG.2009.4	HG.2009.4	unstamped_disagree	2008-04-21	2011-05-10	regeste_trailer	2011-05-10	True	2011-05-10
sg_publikationen	sg_publikationen_HG.2009.52	HG.2009.52	unstamped_disagree	2005-08-23	2009-12-07	regeste_trailer	2009-12-07	True	2009-12-07
sg_publikationen	sg_publikationen_HG.2010.10	HG.2010.10	unstamped_disagree	2009-11-23	2010-03-25	regeste_trailer	2010-03-25	True	2010-03-25
sg_publikationen	sg_publikationen_HG.2010.440	HG.2010.440	unstamped_disagree	2007-11-14	2012-11-08	regeste_trailer	2012-11-08	True	2012-11-08
sg_publikationen	sg_publikationen_HG.2011.101	HG.2011.101	unstamped_disagree	2011-02-25	2011-09-27	regeste_trailer	2011-09-27	True	2011-09-27
sg_publikationen	sg_publikationen_HG.2011.18	HG.2011.18	unstamped_disagree	2007-07-19	2011-05-10	regeste_trailer	2011-05-10	True	2011-05-10
sg_publikationen	sg_publikationen_HG.2011.199	HG.2011.199	unstamped_disagree	2011-03-04	2013-05-21	regeste_trailer	2013-05-21	True	2011-08-29
sg_publikationen	sg_publikationen_HG.2011.24	HG.2011.24	unstamped_disagree	2011-02-14	2011-03-11	regeste_trailer	2011-03-11	True	2011-03-11
sg_publikationen	sg_publikationen_HG.2011.286	HG.2011.286	unstamped_disagree	2011-11-18	2012-03-26	regeste_trailer	2012-03-26	True	2011-11-25
sg_publikationen	sg_publikationen_HG.2012.163	HG.2012.163	unstamped_disagree	2012-08-31	2012-09-25	regeste_trailer	2012-09-25	True	2012-09-25
sg_publikationen	sg_publikationen_HG.2012.28	HG.2012.28	unstamped_disagree	2012-02-08	2012-10-02	regeste_trailer	2012-10-02	True	2012-10-02
sg_publikationen	sg_publikationen_KES.2013.5	KES.2013.5	unstamped_disagree	2013-05-13	2013-08-23	regeste_trailer	2013-08-23	True	2013-08-23
sg_publikationen	sg_publikationen_KES.2019.23	KES.2019.23	unstamped_disagree	2018-05-23	2020-02-04	regeste_trailer	2020-02-04	True	2020-02-04
sg_publikationen	sg_publikationen_KES.2020.26-K2	KES.2020.26-K2	unstamped_disagree	2019-08-14	2021-06-16	regeste_trailer	2021-06-16	True	2021-06-16
sg_publikationen	sg_publikationen_KES.2021.3-EZE2	KES.2021.3-EZE2	unstamped_disagree	2020-06-30	2021-05-05	regeste_trailer	2021-05-05	True	2021-05-05
sg_publikationen	sg_publikationen_KES.2022.4-EZE2	KES.2022.4-EZE2	unstamped_disagree	2021-03-19	2022-06-20	regeste_trailer	2022-06-20	True	2022-06-20
sg_publikationen	sg_publikationen_KP.2005.25	KP.2005.25	unstamped_disagree	1998-08-20	2005-04-07	regeste_trailer	2005-04-07	True	2005-04-07
sg_publikationen	sg_publikationen_RH.2009.104	RH.2009.104	unstamped_disagree	2009-04-07	2009-10-26	regeste_trailer	2009-10-26	True	2009-10-26
sg_publikationen	sg_publikationen_RZ.2003.65	RZ.2003.65	unstamped_disagree	1999-03-11	2004-05-25	regeste_trailer	2004-05-25	True	2004-05-25
sg_publikationen	sg_publikationen_RZ.2005.17	RZ.2005.17	unstamped_disagree	1995-12-19	2005-07-20	regeste_trailer	2005-07-20	True	2005-07-20
sg_publikationen	sg_publikationen_RZ.2005.22	RZ.2005.22	unstamped_disagree	2005-04-20	2005-07-07	regeste_trailer	2005-07-07	True	2005-07-07
sg_publikationen	sg_publikationen_RZ.2005.29	RZ.2005.29	unstamped_disagree	2004-05-26	2005-07-11	regeste_trailer	2005-07-11	True	2005-07-11
sg_publikationen	sg_publikationen_RZ.2006.51	RZ.2006.51	unstamped_disagree	2006-10-04	2006-11-10	regeste_trailer	2006-11-10	True	2006-11-10
sg_publikationen	sg_publikationen_RZ.2007.1	RZ.2007.1	unstamped_disagree	2006-12-14	2007-09-07	regeste_trailer	2007-09-07	True	2007-09-07
sg_publikationen	sg_publikationen_RZ.2007.16	RZ.2007.16	unstamped_disagree	2006-07-18	2007-06-12	regeste_trailer	2007-06-12	True	2007-06-12
sg_publikationen	sg_publikationen_RZ.2007.27	RZ.2007.27	unstamped_disagree	2004-09-01	2007-06-11	regeste_trailer	2007-06-11	True	2007-06-11
sg_publikationen	sg_publikationen_RZ.2007.29	RZ.2007.29	unstamped_disagree	2001-11-21	2007-06-13	regeste_trailer	2007-06-13	True	2007-06-13
sg_publikationen	sg_publikationen_RZ.2007.44	RZ.2007.44	unstamped_disagree	2007-06-28	2007-07-19	regeste_trailer	2007-07-19	True	2007-07-19
sg_publikationen	sg_publikationen_RZ.2007.46	RZ.2007.46	unstamped_disagree	2007-07-03	2007-09-04	regeste_trailer	2007-09-04	True	2007-09-04
sg_publikationen	sg_publikationen_RZ.2007.50	RZ.2007.50	unstamped_disagree	2005-04-26	2007-09-13	regeste_trailer	2007-09-13	True	2007-09-13
sg_publikationen	sg_publikationen_RZ.2007.61	RZ.2007.61	unstamped_disagree	2007-08-24	2007-09-14	regeste_trailer	2007-09-14	True	2007-09-14
sg_publikationen	sg_publikationen_RZ.2007.71	RZ.2007.71	unstamped_disagree	2005-12-20	2008-02-07	regeste_trailer	2008-02-07	True	2008-02-07
sg_publikationen	sg_publikationen_RZ.2008.17	RZ.2008.17	unstamped_disagree	2008-03-13	2008-04-22	regeste_trailer	2008-04-22	True	2008-04-22
sg_publikationen	sg_publikationen_RZ.2008.22	RZ.2008.22	unstamped_disagree	2008-03-27	2008-05-07	regeste_trailer	2008-05-07	True	2008-05-07
sg_publikationen	sg_publikationen_RZ.2008.59	RZ.2008.59	unstamped_disagree	2001-06-01	2009-01-15	regeste_trailer	2009-01-15	True	2009-01-15
sg_publikationen	sg_publikationen_RZ.2009.28	RZ.2009.28	unstamped_disagree	2009-04-23	2009-09-18	regeste_trailer	2009-09-18	True	2009-09-18
sg_publikationen	sg_publikationen_RZ.2009.31	RZ.2009.31	unstamped_disagree	2009-02-23	2009-11-16	regeste_trailer	2009-11-16	True	2009-11-16
sg_publikationen	sg_publikationen_RZ.2009.4	RZ.2009.4	unstamped_disagree	2008-10-22	2009-03-16	regeste_trailer	2009-03-16	True	2009-03-16
sg_publikationen	sg_publikationen_RZ.2009.53	RZ.2009.53	unstamped_disagree	2009-04-24	2009-12-29	regeste_trailer	2009-12-29	True	2009-12-29
sg_publikationen	sg_publikationen_RZ.2010.19	RZ.2010.19	unstamped_disagree	2010-03-10	2010-04-26	regeste_trailer	2010-04-26	True	2010-04-26
sg_publikationen	sg_publikationen_RZ.2010.23	RZ.2010.23	unstamped_disagree	2009-10-21	2010-05-31	regeste_trailer	2010-05-31	True	2010-05-31
sg_publikationen	sg_publikationen_RZ.2010.25	RZ.2010.25	unstamped_disagree	2010-01-15	2010-04-23	regeste_trailer	2010-04-23	True	2010-04-23
sg_publikationen	sg_publikationen_RZ.2010.38	RZ.2010.38	unstamped_disagree	2010-06-21	2010-08-20	regeste_trailer	2010-08-20	True	2010-08-20
sg_publikationen	sg_publikationen_RZ.2010.39	RZ.2010.39	unstamped_disagree	2009-02-08	2010-09-23	regeste_trailer	2010-09-23	True	2010-09-23
sg_publikationen	sg_publikationen_RZ.2010.59	RZ.2010.59	unstamped_disagree	2010-09-30	2010-11-12	regeste_trailer	2010-11-12	True	2010-11-12
sg_publikationen	sg_publikationen_RZ.2010.6	RZ.2010.6	unstamped_disagree	2009-12-23	2010-03-09	regeste_trailer	2010-03-09	True	2010-03-09
sg_publikationen	sg_publikationen_RZ.2010.61	RZ.2010.61	unstamped_disagree	2010-10-02	2010-12-06	regeste_trailer	2010-12-06	True	2010-12-06
sg_publikationen	sg_publikationen_RZ.2010.69	RZ.2010.69	unstamped_disagree	2007-03-23	2011-04-11	regeste_trailer	2011-04-11	True	2011-04-11
sg_publikationen	sg_publikationen_SG.2019.1	SG.2019.1	unstamped_disagree	2017-10-31	2019-07-19	regeste_trailer	2019-07-19	True	2019-07-19
sg_publikationen	sg_publikationen_ST.2004.55	ST.2004.55	unstamped_disagree	2004-02-16	2004-06-28	regeste_trailer	2004-06-28	True	2004-06-28
sg_publikationen	sg_publikationen_ST.2005.63	ST.2005.63	unstamped_disagree	2003-08-11	2005-10-25	regeste_trailer	2005-10-25	True	2005-10-25
sg_publikationen	sg_publikationen_ST.2006.110	ST.2006.110	unstamped_disagree	2006-09-14	2007-01-22	regeste_trailer	2007-01-22	True	2007-01-22
sg_publikationen	sg_publikationen_ST.2006.111	ST.2006.111	unstamped_disagree	2006-07-11	2007-03-06	regeste_trailer	2007-03-06	True	2007-03-06
sg_publikationen	sg_publikationen_ST.2006.80	ST.2006.80	unstamped_disagree	2005-12-21	2007-01-09	regeste_trailer	2007-01-09	True	2007-01-09
sg_publikationen	sg_publikationen_ST.2006.92	ST.2006.92	unstamped_disagree	2006-06-14	2007-04-25	regeste_trailer	2007-04-25	True	2007-04-25
sg_publikationen	sg_publikationen_ST.2007.37	ST.2007.37	unstamped_disagree	2005-09-20	2008-02-11	regeste_trailer	2008-02-11	True	2008-02-11
sg_publikationen	sg_publikationen_ST.2007.50	ST.2007.50	unstamped_disagree	2005-04-21	2007-12-03	regeste_trailer	2007-12-03	True	2007-12-03
sg_publikationen	sg_publikationen_ST.2007.59	ST.2007.59	unstamped_disagree	2007-03-27	2007-09-04	regeste_trailer	2007-09-04	True	2007-09-04
sg_publikationen	sg_publikationen_ST.2007.70	ST.2007.70	unstamped_disagree	2006-12-19	2007-09-17	regeste_trailer	2007-09-17	True	2007-09-17
sg_publikationen	sg_publikationen_ST.2007.97	ST.2007.97	unstamped_disagree	2007-06-15	2007-10-19	regeste_trailer	2007-10-19	True	2007-10-19
sg_publikationen	sg_publikationen_ST.2008.15	ST.2008.15	unstamped_disagree	2003-11-07	2008-04-30	regeste_trailer	2008-04-30	True	2008-04-30
sg_publikationen	sg_publikationen_ST.2008.45	ST.2008.45	unstamped_disagree	2006-04-10	2008-08-20	regeste_trailer	2008-08-20	True	2008-08-20
sg_publikationen	sg_publikationen_ST.2008.7	ST.2008.7	unstamped_disagree	1992-02-19	2008-03-26	regeste_trailer	2008-03-26	True	2008-03-26
sg_publikationen	sg_publikationen_ST.2012.155	ST.2012.155	unstamped_disagree	2007-10-11	2014-11-04	regeste_trailer	2014-11-04	True	2014-11-04
sg_publikationen	sg_publikationen_ST.2012.26	ST.2012.26	unstamped_disagree	2011-05-23	2012-06-04	regeste_trailer	2012-06-04	True	2012-06-04
sg_publikationen	sg_publikationen_ST.2012.56	ST.2012.56	unstamped_disagree	2010-01-25	2013-06-03	regeste_trailer	2013-06-03	True	2013-06-03
sg_publikationen	sg_publikationen_ST.2013.39	ST.2013.39	unstamped_disagree	2010-01-15	2014-06-18	regeste_trailer	2014-06-18	True	2014-06-18
sg_publikationen	sg_publikationen_ST.2013.75_78	ST.2013.75/78	unstamped_disagree	2011-05-16	2014-11-24	regeste_trailer	2014-11-24	True	2014-11-24
sg_publikationen	sg_publikationen_ST.2013.88	ST.2013.88	unstamped_disagree	2008-05-13	2015-08-18	regeste_trailer	2015-08-18	True	2015-08-18
sg_publikationen	sg_publikationen_ST.2014.108	ST.2014.108	unstamped_disagree	2013-01-07	2015-08-21	regeste_trailer	2015-08-21	True	2015-08-21
sg_publikationen	sg_publikationen_ST.2014.20	ST.2014.20	unstamped_disagree	2013-08-03	2014-09-01	regeste_trailer	2014-09-01	True	2014-09-01
sg_publikationen	sg_publikationen_ST.2014.96	ST.2014.96	unstamped_disagree	2014-02-20	2015-03-06	regeste_trailer	2015-03-06	True	2015-03-06
sg_publikationen	sg_publikationen_ST.2015.104	ST.2015.104	unstamped_disagree	2014-09-03	2017-04-13	regeste_trailer	2017-04-13	True	2017-04-13
sg_publikationen	sg_publikationen_ST.2015.34	ST.2015.34	unstamped_disagree	2014-01-31	2015-10-27	regeste_trailer	2015-10-27	True	2015-10-27
sg_publikationen	sg_publikationen_ST.2016.121	ST.2016.121	unstamped_disagree	2013-07-20	2017-11-23	regeste_trailer	2017-11-23	True	2017-11-23
sg_publikationen	sg_publikationen_ST.2016.147	ST.2016.147	unstamped_disagree	2005-12-21	2016-12-21	regeste_trailer	2016-12-21	True	2016-12-21
sg_publikationen	sg_publikationen_ST.2016.33	ST.2016.33	unstamped_disagree	2013-04-03	2017-08-24	regeste_trailer	2017-08-24	True	2017-08-24
sg_publikationen	sg_publikationen_ST.2016.7_8	ST.2016.7/8	unstamped_disagree	2011-05-17	2019-07-02	regeste_trailer	2019-07-02	True	2019-07-02
sg_publikationen	sg_publikationen_ST.2016.96	ST.2016.96	unstamped_disagree	2014-11-11	2017-07-07	regeste_trailer	2017-07-07	True	2017-07-07
sg_publikationen	sg_publikationen_ST.2017.103	ST.2017.103	unstamped_disagree	2016-11-12	2018-04-03	regeste_trailer	2018-04-03	True	2018-04-03
sg_publikationen	sg_publikationen_ST.2017.104	ST.2017.104	unstamped_disagree	2014-10-11	2018-11-08	regeste_trailer	2018-11-08	True	2018-11-08
sg_publikationen	sg_publikationen_ST.2017.40	ST.2017.40	unstamped_disagree	2015-10-09	2018-06-28	regeste_trailer	2018-06-28	True	2018-06-28
sg_publikationen	sg_publikationen_ST.2018.133	ST.2018.133	unstamped_disagree	2018-08-10	2020-01-10	regeste_trailer	2020-01-10	True	2020-01-10
sg_publikationen	sg_publikationen_ST.2019.101	ST.2019.101	unstamped_disagree	2018-10-13	2020-06-08	regeste_trailer	2020-06-08	True	2020-06-08
sg_publikationen	sg_publikationen_ST.2019.28	ST.2019.28	unstamped_disagree	2019-03-05	2019-05-29	regeste_trailer	2019-05-29	True	2019-05-29
sg_publikationen	sg_publikationen_ST.2019.86-SK3	ST.2019.86-SK3	unstamped_disagree	2019-03-13	2021-01-11	regeste_trailer	2021-01-11	True	2021-01-11
sg_publikationen	sg_publikationen_ST.2020.144	ST.2020.144	unstamped_disagree	2020-05-11	2020-12-09	regeste_trailer	2020-12-09	True	2020-12-09
sg_publikationen	sg_publikationen_VZ. 2008.1	VZ. 2008.1	unstamped_disagree	2006-03-23	2008-04-11	regeste_trailer	2008-04-11	True	2008-04-11
sg_publikationen	sg_publikationen_VZ.2004.31	VZ.2004.31	unstamped_disagree	2004-06-10	2004-11-05	regeste_trailer	2004-11-05	True	2004-11-05
sg_publikationen	sg_publikationen_VZ.2004.35	VZ.2004.35	unstamped_disagree	2004-08-10	2005-02-14	regeste_trailer	2005-02-14	True	2005-02-14
sg_publikationen	sg_publikationen_VZ.2004.4	VZ.2004.4	unstamped_disagree	2003-12-15	2004-04-28	regeste_trailer	2004-04-28	True	2004-04-28
sg_publikationen	sg_publikationen_VZ.2005.28	VZ.2005.28	unstamped_disagree	2002-06-28	2005-06-27	regeste_trailer	2005-06-27	True	2005-06-27
sg_publikationen	sg_publikationen_VZ.2005.35	VZ.2005.35	unstamped_disagree	2005-06-21	2005-07-19	regeste_trailer	2005-07-19	True	2005-07-19
sg_publikationen	sg_publikationen_VZ.2005.8	VZ.2005.8	unstamped_disagree	2003-10-14	2005-06-14	regeste_trailer	2005-06-14	True	2005-06-14
sg_publikationen	sg_publikationen_VZ.2006.49	VZ.2006.49	unstamped_disagree	2006-09-19	2007-02-16	regeste_trailer	2007-02-16	True	2007-02-16
sg_publikationen	sg_publikationen_VZ.2006.54	VZ.2006.54	unstamped_disagree	2006-05-11	2007-02-14	regeste_trailer	2007-02-14	True	2007-02-14
sg_publikationen	sg_publikationen_VZ.2007.1	VZ.2007.1	unstamped_disagree	2004-08-10	2007-05-10	regeste_trailer	2007-05-10	True	2007-05-10
sg_publikationen	sg_publikationen_VZ.2007.13	VZ.2007.13	unstamped_disagree	2006-02-23	2007-07-04	regeste_trailer	2007-07-04	True	2007-07-04
sg_publikationen	sg_publikationen_VZ.2007.2	VZ.2007.2	unstamped_disagree	2006-08-29	2007-03-05	regeste_trailer	2007-03-05	True	2007-03-05
sg_publikationen	sg_publikationen_VZ.2007.31	VZ.2007.31	unstamped_disagree	2004-01-23	2007-08-21	regeste_trailer	2007-08-21	True	2007-08-21
sg_publikationen	sg_publikationen_VZ.2007.34	VZ.2007.34	unstamped_disagree	2007-04-19	2007-07-31	regeste_trailer	2007-07-31	True	2007-07-31
sg_publikationen	sg_publikationen_VZ.2007.35	VZ.2007.35	unstamped_disagree	2006-05-08	2007-09-19	regeste_trailer	2007-09-19	True	2007-09-19
sg_publikationen	sg_publikationen_VZ.2007.39	VZ.2007.39	unstamped_disagree	2006-01-27	2007-08-31	regeste_trailer	2007-08-31	True	2007-08-31
sg_publikationen	sg_publikationen_VZ.2007.44	VZ.2007.44	unstamped_disagree	2007-02-01	2007-12-17	regeste_trailer	2007-12-17	True	2007-12-17
sg_publikationen	sg_publikationen_VZ.2007.48	VZ.2007.48	unstamped_disagree	2007-02-01	2007-12-17	regeste_trailer	2007-12-17	True	2007-12-17
sg_publikationen	sg_publikationen_VZ.2007.55	VZ.2007.55	unstamped_disagree	2007-09-13	2007-11-06	regeste_trailer	2007-11-06	True	2007-11-06
sg_publikationen	sg_publikationen_VZ.2007.6	VZ.2007.6	unstamped_disagree	2005-03-17	2007-02-15	regeste_trailer	2007-02-15	True	2007-02-15
sg_publikationen	sg_publikationen_VZ.2007.61	VZ.2007.61	unstamped_disagree	2007-09-18	2008-01-28	regeste_trailer	2008-01-28	True	2008-01-28
sg_publikationen	sg_publikationen_VZ.2008.15	VZ.2008.15	unstamped_disagree	2007-07-20	2008-06-10	regeste_trailer	2008-06-10	True	2008-06-10
sg_publikationen	sg_publikationen_VZ.2008.24	VZ.2008.24	unstamped_disagree	2007-12-18	2008-07-17	regeste_trailer	2008-07-17	True	2008-07-17
sg_publikationen	sg_publikationen_VZ.2008.28	VZ.2008.28	unstamped_disagree	2008-03-17	2008-05-06	regeste_trailer	2008-05-06	True	2008-05-06
sg_publikationen	sg_publikationen_VZ.2008.49	VZ.2008.49	unstamped_disagree	2005-11-07	2008-11-06	regeste_trailer	2008-11-06	True	2008-11-06
sg_publikationen	sg_publikationen_VZ.2008.59	VZ.2008.59	unstamped_disagree	2008-10-24	2008-12-01	regeste_trailer	2008-12-01	True	2008-12-01
sg_publikationen	sg_publikationen_VZ.2009.29	VZ.2009.29	unstamped_disagree	2009-05-04	2010-10-12	regeste_trailer	2010-10-12	True	2010-10-12
sg_publikationen	sg_publikationen_VZ.2009.45	VZ.2009.45	unstamped_disagree	2009-11-03	2010-11-02	regeste_trailer	2010-11-02	True	2010-11-02
sg_publikationen	sg_publikationen_VZ.2010.35	VZ.2010.35	unstamped_disagree	2010-09-15	2010-11-16	regeste_trailer	2010-11-16	True	2010-11-16
sg_publikationen	sg_publikationen_ZV.2012.20	ZV.2012.20	unstamped_disagree	2011-12-16	2012-03-24	regeste_trailer	2012-03-24	True	2012-03-24
sg_publikationen	sg_publikationen_ZV.2014.64	ZV.2014.64	unstamped_disagree	2014-05-13	2014-06-17	regeste_trailer	2014-06-17	True	2014-06-17
sg_publikationen	sg_publikationen_ZV.2020.135	ZV.2020.135	unstamped_disagree	2019-07-29	2020-07-16	regeste_trailer	2020-07-16	True	2020-07-16
sg_publikationen	sg_publikationen_ZV.2020.156	ZV.2020.156	unstamped_disagree	2020-07-13	2020-09-08	regeste_trailer	2020-09-08	True	2020-09-08
sg_publikationen	sg_publikationen_ZV.2022.101	ZV.2022.101	unstamped_disagree	2021-03-26	2022-09-01	regeste_trailer	2022-09-01	True	2022-09-01
sg_publikationen	sg_publikationen_ZV2018.22	ZV2018.22	unstamped_disagree	2015-05-04	2017-01-30	regeste_trailer	2017-01-30	True	2017-01-30
sg_publikationen	sg_publikationen_ZZ.2006.36	ZZ.2006.36	unstamped_disagree	1990-06-01	2007-07-17	regeste_trailer	2007-07-17	True	2006-10-09
sg_publikationen	sg_publikationen_ZZ.2007.34	ZZ.2007.34	unstamped_disagree	2007-03-19	2007-04-03	regeste_trailer	2007-04-03	True	2007-04-03
sg_publikationen	sg_publikationen_ZZ.2007.5	ZZ.2007.5	unstamped_disagree	2007-01-24	2007-09-04	regeste_trailer	2007-09-04	True	2007-09-04
sg_publikationen	sg_publikationen_ZZ.2008.73_BZ.2008.29	ZZ.2008.73/BZ.2008.29	unstamped_disagree	1978-10-01	2008-08-13	regeste_trailer	2008-08-13	True	2008-08-13
